logical_pair_id,canonical_finger_position,probe_subject_id,candidate_subject_id,selection_rank_probe,selection_rank_candidate
detector_only_joint_500_v1_impostor_01_00001215_to_00001075,1,00001215,00001075,1,2
detector_only_joint_500_v1_impostor_01_00001075_to_00001300,1,00001075,00001300,2,3
detector_only_joint_500_v1_impostor_01_00001300_to_00001815,1,00001300,00001815,3,4
detector_only_joint_500_v1_impostor_01_00001815_to_00001203,1,00001815,00001203,4,5
detector_only_joint_500_v1_impostor_01_00001203_to_00001795,1,00001203,00001795,5,6
detector_only_joint_500_v1_impostor_01_00001795_to_00001784,1,00001795,00001784,6,7
detector_only_joint_500_v1_impostor_01_00001784_to_00001420,1,00001784,00001420,7,8
detector_only_joint_500_v1_impostor_01_00001420_to_00001531,1,00001420,00001531,8,9
detector_only_joint_500_v1_impostor_01_00001531_to_00001756,1,00001531,00001756,9,10
detector_only_joint_500_v1_impostor_01_00001756_to_00001497,1,00001756,00001497,10,11
detector_only_joint_500_v1_impostor_01_00001497_to_00001772,1,00001497,00001772,11,12
detector_only_joint_500_v1_impostor_01_00001772_to_00001563,1,00001772,00001563,12,13
detector_only_joint_500_v1_impostor_01_00001563_to_00001567,1,00001563,00001567,13,14
detector_only_joint_500_v1_impostor_01_00001567_to_00001748,1,00001567,00001748,14,15
detector_only_joint_500_v1_impostor_01_00001748_to_00001003,1,00001748,00001003,15,16
detector_only_joint_500_v1_impostor_01_00001003_to_00001524,1,00001003,00001524,16,17
detector_only_joint_500_v1_impostor_01_00001524_to_00001320,1,00001524,00001320,17,18
detector_only_joint_500_v1_impostor_01_00001320_to_00001665,1,00001320,00001665,18,19
detector_only_joint_500_v1_impostor_01_00001665_to_00001871,1,00001665,00001871,19,20
detector_only_joint_500_v1_impostor_01_00001871_to_00001644,1,00001871,00001644,20,21
detector_only_joint_500_v1_impostor_01_00001644_to_00001475,1,00001644,00001475,21,22
detector_only_joint_500_v1_impostor_01_00001475_to_00001562,1,00001475,00001562,22,23
detector_only_joint_500_v1_impostor_01_00001562_to_00001472,1,00001562,00001472,23,24
detector_only_joint_500_v1_impostor_01_00001472_to_00001370,1,00001472,00001370,24,25
detector_only_joint_500_v1_impostor_01_00001370_to_00001291,1,00001370,00001291,25,26
detector_only_joint_500_v1_impostor_01_00001291_to_00001791,1,00001291,00001791,26,27
detector_only_joint_500_v1_impostor_01_00001791_to_00001585,1,00001791,00001585,27,28
detector_only_joint_500_v1_impostor_01_00001585_to_00001015,1,00001585,00001015,28,29
detector_only_joint_500_v1_impostor_01_00001015_to_00001207,1,00001015,00001207,29,30
detector_only_joint_500_v1_impostor_01_00001207_to_00001774,1,00001207,00001774,30,31
detector_only_joint_500_v1_impostor_01_00001774_to_00001876,1,00001774,00001876,31,32
detector_only_joint_500_v1_impostor_01_00001876_to_00001139,1,00001876,00001139,32,33
detector_only_joint_500_v1_impostor_01_00001139_to_00001525,1,00001139,00001525,33,34
detector_only_joint_500_v1_impostor_01_00001525_to_00001047,1,00001525,00001047,34,35
detector_only_joint_500_v1_impostor_01_00001047_to_00001152,1,00001047,00001152,35,36
detector_only_joint_500_v1_impostor_01_00001152_to_00001747,1,00001152,00001747,36,37
detector_only_joint_500_v1_impostor_01_00001747_to_00001006,1,00001747,00001006,37,38
detector_only_joint_500_v1_impostor_01_00001006_to_00001375,1,00001006,00001375,38,39
detector_only_joint_500_v1_impostor_01_00001375_to_00001023,1,00001375,00001023,39,40
detector_only_joint_500_v1_impostor_01_00001023_to_00001376,1,00001023,00001376,40,41
detector_only_joint_500_v1_impostor_01_00001376_to_00001296,1,00001376,00001296,41,42
detector_only_joint_500_v1_impostor_01_00001296_to_00001685,1,00001296,00001685,42,43
detector_only_joint_500_v1_impostor_01_00001685_to_00001768,1,00001685,00001768,43,44
detector_only_joint_500_v1_impostor_01_00001768_to_00001135,1,00001768,00001135,44,45
detector_only_joint_500_v1_impostor_01_00001135_to_00001794,1,00001135,00001794,45,46
detector_only_joint_500_v1_impostor_01_00001794_to_00001809,1,00001794,00001809,46,47
detector_only_joint_500_v1_impostor_01_00001809_to_00001388,1,00001809,00001388,47,48
detector_only_joint_500_v1_impostor_01_00001388_to_00001643,1,00001388,00001643,48,49
detector_only_joint_500_v1_impostor_01_00001643_to_00001214,1,00001643,00001214,49,50
detector_only_joint_500_v1_impostor_01_00001214_to_00001215,1,00001214,00001215,50,1
detector_only_joint_500_v1_impostor_02_00001248_to_00001418,2,00001248,00001418,1,2
detector_only_joint_500_v1_impostor_02_00001418_to_00001358,2,00001418,00001358,2,3
detector_only_joint_500_v1_impostor_02_00001358_to_00001576,2,00001358,00001576,3,4
detector_only_joint_500_v1_impostor_02_00001576_to_00001513,2,00001576,00001513,4,5
detector_only_joint_500_v1_impostor_02_00001513_to_00001773,2,00001513,00001773,5,6
detector_only_joint_500_v1_impostor_02_00001773_to_00001775,2,00001773,00001775,6,7
detector_only_joint_500_v1_impostor_02_00001775_to_00001149,2,00001775,00001149,7,8
detector_only_joint_500_v1_impostor_02_00001149_to_00001825,2,00001149,00001825,8,9
detector_only_joint_500_v1_impostor_02_00001825_to_00001484,2,00001825,00001484,9,10
detector_only_joint_500_v1_impostor_02_00001484_to_00001194,2,00001484,00001194,10,11
detector_only_joint_500_v1_impostor_02_00001194_to_00001557,2,00001194,00001557,11,12
detector_only_joint_500_v1_impostor_02_00001557_to_00001885,2,00001557,00001885,12,13
detector_only_joint_500_v1_impostor_02_00001885_to_00001406,2,00001885,00001406,13,14
detector_only_joint_500_v1_impostor_02_00001406_to_00001010,2,00001406,00001010,14,15
detector_only_joint_500_v1_impostor_02_00001010_to_00001670,2,00001010,00001670,15,16
detector_only_joint_500_v1_impostor_02_00001670_to_00001114,2,00001670,00001114,16,17
detector_only_joint_500_v1_impostor_02_00001114_to_00001020,2,00001114,00001020,17,18
detector_only_joint_500_v1_impostor_02_00001020_to_00001498,2,00001020,00001498,18,19
detector_only_joint_500_v1_impostor_02_00001498_to_00001487,2,00001498,00001487,19,20
detector_only_joint_500_v1_impostor_02_00001487_to_00001812,2,00001487,00001812,20,21
detector_only_joint_500_v1_impostor_02_00001812_to_00001649,2,00001812,00001649,21,22
detector_only_joint_500_v1_impostor_02_00001649_to_00001455,2,00001649,00001455,22,23
detector_only_joint_500_v1_impostor_02_00001455_to_00001540,2,00001455,00001540,23,24
detector_only_joint_500_v1_impostor_02_00001540_to_00001168,2,00001540,00001168,24,25
detector_only_joint_500_v1_impostor_02_00001168_to_00001223,2,00001168,00001223,25,26
detector_only_joint_500_v1_impostor_02_00001223_to_00001158,2,00001223,00001158,26,27
detector_only_joint_500_v1_impostor_02_00001158_to_00001677,2,00001158,00001677,27,28
detector_only_joint_500_v1_impostor_02_00001677_to_00001060,2,00001677,00001060,28,29
detector_only_joint_500_v1_impostor_02_00001060_to_00001186,2,00001060,00001186,29,30
detector_only_joint_500_v1_impostor_02_00001186_to_00001667,2,00001186,00001667,30,31
detector_only_joint_500_v1_impostor_02_00001667_to_00001117,2,00001667,00001117,31,32
detector_only_joint_500_v1_impostor_02_00001117_to_00001803,2,00001117,00001803,32,33
detector_only_joint_500_v1_impostor_02_00001803_to_00001817,2,00001803,00001817,33,34
detector_only_joint_500_v1_impostor_02_00001817_to_00001590,2,00001817,00001590,34,35
detector_only_joint_500_v1_impostor_02_00001590_to_00001848,2,00001590,00001848,35,36
detector_only_joint_500_v1_impostor_02_00001848_to_00001018,2,00001848,00001018,36,37
detector_only_joint_500_v1_impostor_02_00001018_to_00001299,2,00001018,00001299,37,38
detector_only_joint_500_v1_impostor_02_00001299_to_00001202,2,00001299,00001202,38,39
detector_only_joint_500_v1_impostor_02_00001202_to_00001716,2,00001202,00001716,39,40
detector_only_joint_500_v1_impostor_02_00001716_to_00001613,2,00001716,00001613,40,41
detector_only_joint_500_v1_impostor_02_00001613_to_00001571,2,00001613,00001571,41,42
detector_only_joint_500_v1_impostor_02_00001571_to_00001683,2,00001571,00001683,42,43
detector_only_joint_500_v1_impostor_02_00001683_to_00001187,2,00001683,00001187,43,44
detector_only_joint_500_v1_impostor_02_00001187_to_00001302,2,00001187,00001302,44,45
detector_only_joint_500_v1_impostor_02_00001302_to_00001034,2,00001302,00001034,45,46
detector_only_joint_500_v1_impostor_02_00001034_to_00001374,2,00001034,00001374,46,47
detector_only_joint_500_v1_impostor_02_00001374_to_00001505,2,00001374,00001505,47,48
detector_only_joint_500_v1_impostor_02_00001505_to_00001146,2,00001505,00001146,48,49
detector_only_joint_500_v1_impostor_02_00001146_to_00001096,2,00001146,00001096,49,50
detector_only_joint_500_v1_impostor_02_00001096_to_00001248,2,00001096,00001248,50,1
detector_only_joint_500_v1_impostor_03_00001200_to_00001120,3,00001200,00001120,1,2
detector_only_joint_500_v1_impostor_03_00001120_to_00001007,3,00001120,00001007,2,3
detector_only_joint_500_v1_impostor_03_00001007_to_00001736,3,00001007,00001736,3,4
detector_only_joint_500_v1_impostor_03_00001736_to_00001849,3,00001736,00001849,4,5
detector_only_joint_500_v1_impostor_03_00001849_to_00001548,3,00001849,00001548,5,6
detector_only_joint_500_v1_impostor_03_00001548_to_00001183,3,00001548,00001183,6,7
detector_only_joint_500_v1_impostor_03_00001183_to_00001359,3,00001183,00001359,7,8
detector_only_joint_500_v1_impostor_03_00001359_to_00001454,3,00001359,00001454,8,9
detector_only_joint_500_v1_impostor_03_00001454_to_00001397,3,00001454,00001397,9,10
detector_only_joint_500_v1_impostor_03_00001397_to_00001733,3,00001397,00001733,10,11
detector_only_joint_500_v1_impostor_03_00001733_to_00001835,3,00001733,00001835,11,12
detector_only_joint_500_v1_impostor_03_00001835_to_00001637,3,00001835,00001637,12,13
detector_only_joint_500_v1_impostor_03_00001637_to_00001434,3,00001637,00001434,13,14
detector_only_joint_500_v1_impostor_03_00001434_to_00001703,3,00001434,00001703,14,15
detector_only_joint_500_v1_impostor_03_00001703_to_00001486,3,00001703,00001486,15,16
detector_only_joint_500_v1_impostor_03_00001486_to_00001432,3,00001486,00001432,16,17
detector_only_joint_500_v1_impostor_03_00001432_to_00001828,3,00001432,00001828,17,18
detector_only_joint_500_v1_impostor_03_00001828_to_00001122,3,00001828,00001122,18,19
detector_only_joint_500_v1_impostor_03_00001122_to_00001251,3,00001122,00001251,19,20
detector_only_joint_500_v1_impostor_03_00001251_to_00001191,3,00001251,00001191,20,21
detector_only_joint_500_v1_impostor_03_00001191_to_00001824,3,00001191,00001824,21,22
detector_only_joint_500_v1_impostor_03_00001824_to_00001025,3,00001824,00001025,22,23
detector_only_joint_500_v1_impostor_03_00001025_to_00001429,3,00001025,00001429,23,24
detector_only_joint_500_v1_impostor_03_00001429_to_00001283,3,00001429,00001283,24,25
detector_only_joint_500_v1_impostor_03_00001283_to_00001347,3,00001283,00001347,25,26
detector_only_joint_500_v1_impostor_03_00001347_to_00001595,3,00001347,00001595,26,27
detector_only_joint_500_v1_impostor_03_00001595_to_00001520,3,00001595,00001520,27,28
detector_only_joint_500_v1_impostor_03_00001520_to_00001425,3,00001520,00001425,28,29
detector_only_joint_500_v1_impostor_03_00001425_to_00001471,3,00001425,00001471,29,30
detector_only_joint_500_v1_impostor_03_00001471_to_00001102,3,00001471,00001102,30,31
detector_only_joint_500_v1_impostor_03_00001102_to_00001701,3,00001102,00001701,31,32
detector_only_joint_500_v1_impostor_03_00001701_to_00001827,3,00001701,00001827,32,33
detector_only_joint_500_v1_impostor_03_00001827_to_00001866,3,00001827,00001866,33,34
detector_only_joint_500_v1_impostor_03_00001866_to_00001141,3,00001866,00001141,34,35
detector_only_joint_500_v1_impostor_03_00001141_to_00001363,3,00001141,00001363,35,36
detector_only_joint_500_v1_impostor_03_00001363_to_00001081,3,00001363,00001081,36,37
detector_only_joint_500_v1_impostor_03_00001081_to_00001443,3,00001081,00001443,37,38
detector_only_joint_500_v1_impostor_03_00001443_to_00001357,3,00001443,00001357,38,39
detector_only_joint_500_v1_impostor_03_00001357_to_00001390,3,00001357,00001390,39,40
detector_only_joint_500_v1_impostor_03_00001390_to_00001321,3,00001390,00001321,40,41
detector_only_joint_500_v1_impostor_03_00001321_to_00001711,3,00001321,00001711,41,42
detector_only_joint_500_v1_impostor_03_00001711_to_00001265,3,00001711,00001265,42,43
detector_only_joint_500_v1_impostor_03_00001265_to_00001528,3,00001265,00001528,43,44
detector_only_joint_500_v1_impostor_03_00001528_to_00001633,3,00001528,00001633,44,45
detector_only_joint_500_v1_impostor_03_00001633_to_00001556,3,00001633,00001556,45,46
detector_only_joint_500_v1_impostor_03_00001556_to_00001395,3,00001556,00001395,46,47
detector_only_joint_500_v1_impostor_03_00001395_to_00001061,3,00001395,00001061,47,48
detector_only_joint_500_v1_impostor_03_00001061_to_00001696,3,00001061,00001696,48,49
detector_only_joint_500_v1_impostor_03_00001696_to_00001306,3,00001696,00001306,49,50
detector_only_joint_500_v1_impostor_03_00001306_to_00001200,3,00001306,00001200,50,1
detector_only_joint_500_v1_impostor_04_00001164_to_00001695,4,00001164,00001695,1,2
detector_only_joint_500_v1_impostor_04_00001695_to_00001350,4,00001695,00001350,2,3
detector_only_joint_500_v1_impostor_04_00001350_to_00001103,4,00001350,00001103,3,4
detector_only_joint_500_v1_impostor_04_00001103_to_00001806,4,00001103,00001806,4,5
detector_only_joint_500_v1_impostor_04_00001806_to_00001679,4,00001806,00001679,5,6
detector_only_joint_500_v1_impostor_04_00001679_to_00001586,4,00001679,00001586,6,7
detector_only_joint_500_v1_impostor_04_00001586_to_00001818,4,00001586,00001818,7,8
detector_only_joint_500_v1_impostor_04_00001818_to_00001615,4,00001818,00001615,8,9
detector_only_joint_500_v1_impostor_04_00001615_to_00001621,4,00001615,00001621,9,10
detector_only_joint_500_v1_impostor_04_00001621_to_00001627,4,00001621,00001627,10,11
detector_only_joint_500_v1_impostor_04_00001627_to_00001419,4,00001627,00001419,11,12
detector_only_joint_500_v1_impostor_04_00001419_to_00001342,4,00001419,00001342,12,13
detector_only_joint_500_v1_impostor_04_00001342_to_00001719,4,00001342,00001719,13,14
detector_only_joint_500_v1_impostor_04_00001719_to_00001510,4,00001719,00001510,14,15
detector_only_joint_500_v1_impostor_04_00001510_to_00001554,4,00001510,00001554,15,16
detector_only_joint_500_v1_impostor_04_00001554_to_00001385,4,00001554,00001385,16,17
detector_only_joint_500_v1_impostor_04_00001385_to_00001104,4,00001385,00001104,17,18
detector_only_joint_500_v1_impostor_04_00001104_to_00001750,4,00001104,00001750,18,19
detector_only_joint_500_v1_impostor_04_00001750_to_00001553,4,00001750,00001553,19,20
detector_only_joint_500_v1_impostor_04_00001553_to_00001659,4,00001553,00001659,20,21
detector_only_joint_500_v1_impostor_04_00001659_to_00001044,4,00001659,00001044,21,22
detector_only_joint_500_v1_impostor_04_00001044_to_00001822,4,00001044,00001822,22,23
detector_only_joint_500_v1_impostor_04_00001822_to_00001032,4,00001822,00001032,23,24
detector_only_joint_500_v1_impostor_04_00001032_to_00001530,4,00001032,00001530,24,25
detector_only_joint_500_v1_impostor_04_00001530_to_00001698,4,00001530,00001698,25,26
detector_only_joint_500_v1_impostor_04_00001698_to_00001137,4,00001698,00001137,26,27
detector_only_joint_500_v1_impostor_04_00001137_to_00001353,4,00001137,00001353,27,28
detector_only_joint_500_v1_impostor_04_00001353_to_00001351,4,00001353,00001351,28,29
detector_only_joint_500_v1_impostor_04_00001351_to_00001340,4,00001351,00001340,29,30
detector_only_joint_500_v1_impostor_04_00001340_to_00001236,4,00001340,00001236,30,31
detector_only_joint_500_v1_impostor_04_00001236_to_00001177,4,00001236,00001177,31,32
detector_only_joint_500_v1_impostor_04_00001177_to_00001269,4,00001177,00001269,32,33
detector_only_joint_500_v1_impostor_04_00001269_to_00001596,4,00001269,00001596,33,34
detector_only_joint_500_v1_impostor_04_00001596_to_00001731,4,00001596,00001731,34,35
detector_only_joint_500_v1_impostor_04_00001731_to_00001765,4,00001731,00001765,35,36
detector_only_joint_500_v1_impostor_04_00001765_to_00001843,4,00001765,00001843,36,37
detector_only_joint_500_v1_impostor_04_00001843_to_00001362,4,00001843,00001362,37,38
detector_only_joint_500_v1_impostor_04_00001362_to_00001402,4,00001362,00001402,38,39
detector_only_joint_500_v1_impostor_04_00001402_to_00001503,4,00001402,00001503,39,40
detector_only_joint_500_v1_impostor_04_00001503_to_00001037,4,00001503,00001037,40,41
detector_only_joint_500_v1_impostor_04_00001037_to_00001575,4,00001037,00001575,41,42
detector_only_joint_500_v1_impostor_04_00001575_to_00001836,4,00001575,00001836,42,43
detector_only_joint_500_v1_impostor_04_00001836_to_00001810,4,00001836,00001810,43,44
detector_only_joint_500_v1_impostor_04_00001810_to_00001599,4,00001810,00001599,44,45
detector_only_joint_500_v1_impostor_04_00001599_to_00001580,4,00001599,00001580,45,46
detector_only_joint_500_v1_impostor_04_00001580_to_00001052,4,00001580,00001052,46,47
detector_only_joint_500_v1_impostor_04_00001052_to_00001136,4,00001052,00001136,47,48
detector_only_joint_500_v1_impostor_04_00001136_to_00001631,4,00001136,00001631,48,49
detector_only_joint_500_v1_impostor_04_00001631_to_00001179,4,00001631,00001179,49,50
detector_only_joint_500_v1_impostor_04_00001179_to_00001164,4,00001179,00001164,50,1
detector_only_joint_500_v1_impostor_05_00001837_to_00001594,5,00001837,00001594,1,2
detector_only_joint_500_v1_impostor_05_00001594_to_00001641,5,00001594,00001641,2,3
detector_only_joint_500_v1_impostor_05_00001641_to_00001304,5,00001641,00001304,3,4
detector_only_joint_500_v1_impostor_05_00001304_to_00001153,5,00001304,00001153,4,5
detector_only_joint_500_v1_impostor_05_00001153_to_00001689,5,00001153,00001689,5,6
detector_only_joint_500_v1_impostor_05_00001689_to_00001798,5,00001689,00001798,6,7
detector_only_joint_500_v1_impostor_05_00001798_to_00001239,5,00001798,00001239,7,8
detector_only_joint_500_v1_impostor_05_00001239_to_00001473,5,00001239,00001473,8,9
detector_only_joint_500_v1_impostor_05_00001473_to_00001190,5,00001473,00001190,9,10
detector_only_joint_500_v1_impostor_05_00001190_to_00001327,5,00001190,00001327,10,11
detector_only_joint_500_v1_impostor_05_00001327_to_00001680,5,00001327,00001680,11,12
detector_only_joint_500_v1_impostor_05_00001680_to_00001456,5,00001680,00001456,12,13
detector_only_joint_500_v1_impostor_05_00001456_to_00001346,5,00001456,00001346,13,14
detector_only_joint_500_v1_impostor_05_00001346_to_00001284,5,00001346,00001284,14,15
detector_only_joint_500_v1_impostor_05_00001284_to_00001084,5,00001284,00001084,15,16
detector_only_joint_500_v1_impostor_05_00001084_to_00001878,5,00001084,00001878,16,17
detector_only_joint_500_v1_impostor_05_00001878_to_00001536,5,00001878,00001536,17,18
detector_only_joint_500_v1_impostor_05_00001536_to_00001611,5,00001536,00001611,18,19
detector_only_joint_500_v1_impostor_05_00001611_to_00001278,5,00001611,00001278,19,20
detector_only_joint_500_v1_impostor_05_00001278_to_00001197,5,00001278,00001197,20,21
detector_only_joint_500_v1_impostor_05_00001197_to_00001072,5,00001197,00001072,21,22
detector_only_joint_500_v1_impostor_05_00001072_to_00001786,5,00001072,00001786,22,23
detector_only_joint_500_v1_impostor_05_00001786_to_00001535,5,00001786,00001535,23,24
detector_only_joint_500_v1_impostor_05_00001535_to_00001273,5,00001535,00001273,24,25
detector_only_joint_500_v1_impostor_05_00001273_to_00001129,5,00001273,00001129,25,26
detector_only_joint_500_v1_impostor_05_00001129_to_00001056,5,00001129,00001056,26,27
detector_only_joint_500_v1_impostor_05_00001056_to_00001509,5,00001056,00001509,27,28
detector_only_joint_500_v1_impostor_05_00001509_to_00001491,5,00001509,00001491,28,29
detector_only_joint_500_v1_impostor_05_00001491_to_00001282,5,00001491,00001282,29,30
detector_only_joint_500_v1_impostor_05_00001282_to_00001635,5,00001282,00001635,30,31
detector_only_joint_500_v1_impostor_05_00001635_to_00001684,5,00001635,00001684,31,32
detector_only_joint_500_v1_impostor_05_00001684_to_00001097,5,00001684,00001097,32,33
detector_only_joint_500_v1_impostor_05_00001097_to_00001842,5,00001097,00001842,33,34
detector_only_joint_500_v1_impostor_05_00001842_to_00001856,5,00001842,00001856,34,35
detector_only_joint_500_v1_impostor_05_00001856_to_00001409,5,00001856,00001409,35,36
detector_only_joint_500_v1_impostor_05_00001409_to_00001865,5,00001409,00001865,36,37
detector_only_joint_500_v1_impostor_05_00001865_to_00001625,5,00001865,00001625,37,38
detector_only_joint_500_v1_impostor_05_00001625_to_00001036,5,00001625,00001036,38,39
detector_only_joint_500_v1_impostor_05_00001036_to_00001619,5,00001036,00001619,39,40
detector_only_joint_500_v1_impostor_05_00001619_to_00001459,5,00001619,00001459,40,41
detector_only_joint_500_v1_impostor_05_00001459_to_00001165,5,00001459,00001165,41,42
detector_only_joint_500_v1_impostor_05_00001165_to_00001789,5,00001165,00001789,42,43
detector_only_joint_500_v1_impostor_05_00001789_to_00001489,5,00001789,00001489,43,44
detector_only_joint_500_v1_impostor_05_00001489_to_00001073,5,00001489,00001073,44,45
detector_only_joint_500_v1_impostor_05_00001073_to_00001881,5,00001073,00001881,45,46
detector_only_joint_500_v1_impostor_05_00001881_to_00001579,5,00001881,00001579,46,47
detector_only_joint_500_v1_impostor_05_00001579_to_00001352,5,00001579,00001352,47,48
detector_only_joint_500_v1_impostor_05_00001352_to_00001632,5,00001352,00001632,48,49
detector_only_joint_500_v1_impostor_05_00001632_to_00001431,5,00001632,00001431,49,50
detector_only_joint_500_v1_impostor_05_00001431_to_00001837,5,00001431,00001837,50,1
detector_only_joint_500_v1_impostor_06_00001245_to_00001640,6,00001245,00001640,1,2
detector_only_joint_500_v1_impostor_06_00001640_to_00001666,6,00001640,00001666,2,3
detector_only_joint_500_v1_impostor_06_00001666_to_00001156,6,00001666,00001156,3,4
detector_only_joint_500_v1_impostor_06_00001156_to_00001598,6,00001156,00001598,4,5
detector_only_joint_500_v1_impostor_06_00001598_to_00001470,6,00001598,00001470,5,6
detector_only_joint_500_v1_impostor_06_00001470_to_00001080,6,00001470,00001080,6,7
detector_only_joint_500_v1_impostor_06_00001080_to_00001676,6,00001080,00001676,7,8
detector_only_joint_500_v1_impostor_06_00001676_to_00001298,6,00001676,00001298,8,9
detector_only_joint_500_v1_impostor_06_00001298_to_00001617,6,00001298,00001617,9,10
detector_only_joint_500_v1_impostor_06_00001617_to_00001479,6,00001617,00001479,10,11
detector_only_joint_500_v1_impostor_06_00001479_to_00001344,6,00001479,00001344,11,12
detector_only_joint_500_v1_impostor_06_00001344_to_00001134,6,00001344,00001134,12,13
detector_only_joint_500_v1_impostor_06_00001134_to_00001490,6,00001134,00001490,13,14
detector_only_joint_500_v1_impostor_06_00001490_to_00001336,6,00001490,00001336,14,15
detector_only_joint_500_v1_impostor_06_00001336_to_00001132,6,00001336,00001132,15,16
detector_only_joint_500_v1_impostor_06_00001132_to_00001814,6,00001132,00001814,16,17
detector_only_joint_500_v1_impostor_06_00001814_to_00001862,6,00001814,00001862,17,18
detector_only_joint_500_v1_impostor_06_00001862_to_00001055,6,00001862,00001055,18,19
detector_only_joint_500_v1_impostor_06_00001055_to_00001038,6,00001055,00001038,19,20
detector_only_joint_500_v1_impostor_06_00001038_to_00001656,6,00001038,00001656,20,21
detector_only_joint_500_v1_impostor_06_00001656_to_00001802,6,00001656,00001802,21,22
detector_only_joint_500_v1_impostor_06_00001802_to_00001217,6,00001802,00001217,22,23
detector_only_joint_500_v1_impostor_06_00001217_to_00001833,6,00001217,00001833,23,24
detector_only_joint_500_v1_impostor_06_00001833_to_00001241,6,00001833,00001241,24,25
detector_only_joint_500_v1_impostor_06_00001241_to_00001753,6,00001241,00001753,25,26
detector_only_joint_500_v1_impostor_06_00001753_to_00001879,6,00001753,00001879,26,27
detector_only_joint_500_v1_impostor_06_00001879_to_00001450,6,00001879,00001450,27,28
detector_only_joint_500_v1_impostor_06_00001450_to_00001717,6,00001450,00001717,28,29
detector_only_joint_500_v1_impostor_06_00001717_to_00001738,6,00001717,00001738,29,30
detector_only_joint_500_v1_impostor_06_00001738_to_00001639,6,00001738,00001639,30,31
detector_only_joint_500_v1_impostor_06_00001639_to_00001398,6,00001639,00001398,31,32
detector_only_joint_500_v1_impostor_06_00001398_to_00001544,6,00001398,00001544,32,33
detector_only_joint_500_v1_impostor_06_00001544_to_00001442,6,00001544,00001442,33,34
detector_only_joint_500_v1_impostor_06_00001442_to_00001108,6,00001442,00001108,34,35
detector_only_joint_500_v1_impostor_06_00001108_to_00001800,6,00001108,00001800,35,36
detector_only_joint_500_v1_impostor_06_00001800_to_00001537,6,00001800,00001537,36,37
detector_only_joint_500_v1_impostor_06_00001537_to_00001140,6,00001537,00001140,37,38
detector_only_joint_500_v1_impostor_06_00001140_to_00001734,6,00001140,00001734,38,39
detector_only_joint_500_v1_impostor_06_00001734_to_00001706,6,00001734,00001706,39,40
detector_only_joint_500_v1_impostor_06_00001706_to_00001271,6,00001706,00001271,40,41
detector_only_joint_500_v1_impostor_06_00001271_to_00001311,6,00001271,00001311,41,42
detector_only_joint_500_v1_impostor_06_00001311_to_00001783,6,00001311,00001783,42,43
detector_only_joint_500_v1_impostor_06_00001783_to_00001077,6,00001783,00001077,43,44
detector_only_joint_500_v1_impostor_06_00001077_to_00001545,6,00001077,00001545,44,45
detector_only_joint_500_v1_impostor_06_00001545_to_00001412,6,00001545,00001412,45,46
detector_only_joint_500_v1_impostor_06_00001412_to_00001413,6,00001412,00001413,46,47
detector_only_joint_500_v1_impostor_06_00001413_to_00001499,6,00001413,00001499,47,48
detector_only_joint_500_v1_impostor_06_00001499_to_00001210,6,00001499,00001210,48,49
detector_only_joint_500_v1_impostor_06_00001210_to_00001422,6,00001210,00001422,49,50
detector_only_joint_500_v1_impostor_06_00001422_to_00001245,6,00001422,00001245,50,1
detector_only_joint_500_v1_impostor_07_00001348_to_00001392,7,00001348,00001392,1,2
detector_only_joint_500_v1_impostor_07_00001392_to_00001465,7,00001392,00001465,2,3
detector_only_joint_500_v1_impostor_07_00001465_to_00001887,7,00001465,00001887,3,4
detector_only_joint_500_v1_impostor_07_00001887_to_00001574,7,00001887,00001574,4,5
detector_only_joint_500_v1_impostor_07_00001574_to_00001688,7,00001574,00001688,5,6
detector_only_joint_500_v1_impostor_07_00001688_to_00001143,7,00001688,00001143,6,7
detector_only_joint_500_v1_impostor_07_00001143_to_00001109,7,00001143,00001109,7,8
detector_only_joint_500_v1_impostor_07_00001109_to_00001118,7,00001109,00001118,8,9
detector_only_joint_500_v1_impostor_07_00001118_to_00001305,7,00001118,00001305,9,10
detector_only_joint_500_v1_impostor_07_00001305_to_00001587,7,00001305,00001587,10,11
detector_only_joint_500_v1_impostor_07_00001587_to_00001755,7,00001587,00001755,11,12
detector_only_joint_500_v1_impostor_07_00001755_to_00001148,7,00001755,00001148,12,13
detector_only_joint_500_v1_impostor_07_00001148_to_00001752,7,00001148,00001752,13,14
detector_only_joint_500_v1_impostor_07_00001752_to_00001584,7,00001752,00001584,14,15
detector_only_joint_500_v1_impostor_07_00001584_to_00001053,7,00001584,00001053,15,16
detector_only_joint_500_v1_impostor_07_00001053_to_00001636,7,00001053,00001636,16,17
detector_only_joint_500_v1_impostor_07_00001636_to_00001561,7,00001636,00001561,17,18
detector_only_joint_500_v1_impostor_07_00001561_to_00001694,7,00001561,00001694,18,19
detector_only_joint_500_v1_impostor_07_00001694_to_00001592,7,00001694,00001592,19,20
detector_only_joint_500_v1_impostor_07_00001592_to_00001289,7,00001592,00001289,20,21
detector_only_joint_500_v1_impostor_07_00001289_to_00001054,7,00001289,00001054,21,22
detector_only_joint_500_v1_impostor_07_00001054_to_00001206,7,00001054,00001206,22,23
detector_only_joint_500_v1_impostor_07_00001206_to_00001555,7,00001206,00001555,23,24
detector_only_joint_500_v1_impostor_07_00001555_to_00001816,7,00001555,00001816,24,25
detector_only_joint_500_v1_impostor_07_00001816_to_00001493,7,00001816,00001493,25,26
detector_only_joint_500_v1_impostor_07_00001493_to_00001154,7,00001493,00001154,26,27
detector_only_joint_500_v1_impostor_07_00001154_to_00001769,7,00001154,00001769,27,28
detector_only_joint_500_v1_impostor_07_00001769_to_00001288,7,00001769,00001288,28,29
detector_only_joint_500_v1_impostor_07_00001288_to_00001276,7,00001288,00001276,29,30
detector_only_joint_500_v1_impostor_07_00001276_to_00001823,7,00001276,00001823,30,31
detector_only_joint_500_v1_impostor_07_00001823_to_00001161,7,00001823,00001161,31,32
detector_only_joint_500_v1_impostor_07_00001161_to_00001807,7,00001161,00001807,32,33
detector_only_joint_500_v1_impostor_07_00001807_to_00001624,7,00001807,00001624,33,34
detector_only_joint_500_v1_impostor_07_00001624_to_00001281,7,00001624,00001281,34,35
detector_only_joint_500_v1_impostor_07_00001281_to_00001607,7,00001281,00001607,35,36
detector_only_joint_500_v1_impostor_07_00001607_to_00001162,7,00001607,00001162,36,37
detector_only_joint_500_v1_impostor_07_00001162_to_00001184,7,00001162,00001184,37,38
detector_only_joint_500_v1_impostor_07_00001184_to_00001826,7,00001184,00001826,38,39
detector_only_joint_500_v1_impostor_07_00001826_to_00001040,7,00001826,00001040,39,40
detector_only_joint_500_v1_impostor_07_00001040_to_00001138,7,00001040,00001138,40,41
detector_only_joint_500_v1_impostor_07_00001138_to_00001371,7,00001138,00001371,41,42
detector_only_joint_500_v1_impostor_07_00001371_to_00001477,7,00001371,00001477,42,43
detector_only_joint_500_v1_impostor_07_00001477_to_00001272,7,00001477,00001272,43,44
detector_only_joint_500_v1_impostor_07_00001272_to_00001318,7,00001272,00001318,44,45
detector_only_joint_500_v1_impostor_07_00001318_to_00001435,7,00001318,00001435,45,46
detector_only_joint_500_v1_impostor_07_00001435_to_00001565,7,00001435,00001565,46,47
detector_only_joint_500_v1_impostor_07_00001565_to_00001514,7,00001565,00001514,47,48
detector_only_joint_500_v1_impostor_07_00001514_to_00001201,7,00001514,00001201,48,49
detector_only_joint_500_v1_impostor_07_00001201_to_00001386,7,00001201,00001386,49,50
detector_only_joint_500_v1_impostor_07_00001386_to_00001348,7,00001386,00001348,50,1
detector_only_joint_500_v1_impostor_08_00001368_to_00001360,8,00001368,00001360,1,2
detector_only_joint_500_v1_impostor_08_00001360_to_00001674,8,00001360,00001674,2,3
detector_only_joint_500_v1_impostor_08_00001674_to_00001079,8,00001674,00001079,3,4
detector_only_joint_500_v1_impostor_08_00001079_to_00001705,8,00001079,00001705,4,5
detector_only_joint_500_v1_impostor_08_00001705_to_00001198,8,00001705,00001198,5,6
detector_only_joint_500_v1_impostor_08_00001198_to_00001170,8,00001198,00001170,6,7
detector_only_joint_500_v1_impostor_08_00001170_to_00001577,8,00001170,00001577,7,8
detector_only_joint_500_v1_impostor_08_00001577_to_00001496,8,00001577,00001496,8,9
detector_only_joint_500_v1_impostor_08_00001496_to_00001014,8,00001496,00001014,9,10
detector_only_joint_500_v1_impostor_08_00001014_to_00001331,8,00001014,00001331,10,11
detector_only_joint_500_v1_impostor_08_00001331_to_00001884,8,00001331,00001884,11,12
detector_only_joint_500_v1_impostor_08_00001884_to_00001844,8,00001884,00001844,12,13
detector_only_joint_500_v1_impostor_08_00001844_to_00001468,8,00001844,00001468,13,14
detector_only_joint_500_v1_impostor_08_00001468_to_00001205,8,00001468,00001205,14,15
detector_only_joint_500_v1_impostor_08_00001205_to_00001474,8,00001205,00001474,15,16
detector_only_joint_500_v1_impostor_08_00001474_to_00001730,8,00001474,00001730,16,17
detector_only_joint_500_v1_impostor_08_00001730_to_00001569,8,00001730,00001569,17,18
detector_only_joint_500_v1_impostor_08_00001569_to_00001457,8,00001569,00001457,18,19
detector_only_joint_500_v1_impostor_08_00001457_to_00001163,8,00001457,00001163,19,20
detector_only_joint_500_v1_impostor_08_00001163_to_00001581,8,00001163,00001581,20,21
detector_only_joint_500_v1_impostor_08_00001581_to_00001761,8,00001581,00001761,21,22
detector_only_joint_500_v1_impostor_08_00001761_to_00001196,8,00001761,00001196,22,23
detector_only_joint_500_v1_impostor_08_00001196_to_00001808,8,00001196,00001808,23,24
detector_only_joint_500_v1_impostor_08_00001808_to_00001721,8,00001808,00001721,24,25
detector_only_joint_500_v1_impostor_08_00001721_to_00001453,8,00001721,00001453,25,26
detector_only_joint_500_v1_impostor_08_00001453_to_00001133,8,00001453,00001133,26,27
detector_only_joint_500_v1_impostor_08_00001133_to_00001226,8,00001133,00001226,27,28
detector_only_joint_500_v1_impostor_08_00001226_to_00001543,8,00001226,00001543,28,29
detector_only_joint_500_v1_impostor_08_00001543_to_00001234,8,00001543,00001234,29,30
detector_only_joint_500_v1_impostor_08_00001234_to_00001757,8,00001234,00001757,30,31
detector_only_joint_500_v1_impostor_08_00001757_to_00001759,8,00001757,00001759,31,32
detector_only_joint_500_v1_impostor_08_00001759_to_00001361,8,00001759,00001361,32,33
detector_only_joint_500_v1_impostor_08_00001361_to_00001645,8,00001361,00001645,33,34
detector_only_joint_500_v1_impostor_08_00001645_to_00001086,8,00001645,00001086,34,35
detector_only_joint_500_v1_impostor_08_00001086_to_00001699,8,00001086,00001699,35,36
detector_only_joint_500_v1_impostor_08_00001699_to_00001521,8,00001699,00001521,36,37
detector_only_joint_500_v1_impostor_08_00001521_to_00001167,8,00001521,00001167,37,38
detector_only_joint_500_v1_impostor_08_00001167_to_00001458,8,00001167,00001458,38,39
detector_only_joint_500_v1_impostor_08_00001458_to_00001021,8,00001458,00001021,39,40
detector_only_joint_500_v1_impostor_08_00001021_to_00001713,8,00001021,00001713,40,41
detector_only_joint_500_v1_impostor_08_00001713_to_00001301,8,00001713,00001301,41,42
detector_only_joint_500_v1_impostor_08_00001301_to_00001280,8,00001301,00001280,42,43
detector_only_joint_500_v1_impostor_08_00001280_to_00001436,8,00001280,00001436,43,44
detector_only_joint_500_v1_impostor_08_00001436_to_00001249,8,00001436,00001249,44,45
detector_only_joint_500_v1_impostor_08_00001249_to_00001000,8,00001249,00001000,45,46
detector_only_joint_500_v1_impostor_08_00001000_to_00001448,8,00001000,00001448,46,47
detector_only_joint_500_v1_impostor_08_00001448_to_00001729,8,00001448,00001729,47,48
detector_only_joint_500_v1_impostor_08_00001729_to_00001092,8,00001729,00001092,48,49
detector_only_joint_500_v1_impostor_08_00001092_to_00001511,8,00001092,00001511,49,50
detector_only_joint_500_v1_impostor_08_00001511_to_00001368,8,00001511,00001368,50,1
detector_only_joint_500_v1_impostor_09_00001216_to_00001063,9,00001216,00001063,1,2
detector_only_joint_500_v1_impostor_09_00001063_to_00001381,9,00001063,00001381,2,3
detector_only_joint_500_v1_impostor_09_00001381_to_00001820,9,00001381,00001820,3,4
detector_only_joint_500_v1_impostor_09_00001820_to_00001317,9,00001820,00001317,4,5
detector_only_joint_500_v1_impostor_09_00001317_to_00001519,9,00001317,00001519,5,6
detector_only_joint_500_v1_impostor_09_00001519_to_00001384,9,00001519,00001384,6,7
detector_only_joint_500_v1_impostor_09_00001384_to_00001337,9,00001384,00001337,7,8
detector_only_joint_500_v1_impostor_09_00001337_to_00001788,9,00001337,00001788,8,9
detector_only_joint_500_v1_impostor_09_00001788_to_00001366,9,00001788,00001366,9,10
detector_only_joint_500_v1_impostor_09_00001366_to_00001864,9,00001366,00001864,10,11
detector_only_joint_500_v1_impostor_09_00001864_to_00001185,9,00001864,00001185,11,12
detector_only_joint_500_v1_impostor_09_00001185_to_00001279,9,00001185,00001279,12,13
detector_only_joint_500_v1_impostor_09_00001279_to_00001655,9,00001279,00001655,13,14
detector_only_joint_500_v1_impostor_09_00001655_to_00001546,9,00001655,00001546,14,15
detector_only_joint_500_v1_impostor_09_00001546_to_00001846,9,00001546,00001846,15,16
detector_only_joint_500_v1_impostor_09_00001846_to_00001066,9,00001846,00001066,16,17
detector_only_joint_500_v1_impostor_09_00001066_to_00001145,9,00001066,00001145,17,18
detector_only_joint_500_v1_impostor_09_00001145_to_00001110,9,00001145,00001110,18,19
detector_only_joint_500_v1_impostor_09_00001110_to_00001050,9,00001110,00001050,19,20
detector_only_joint_500_v1_impostor_09_00001050_to_00001801,9,00001050,00001801,20,21
detector_only_joint_500_v1_impostor_09_00001801_to_00001440,9,00001801,00001440,21,22
detector_only_joint_500_v1_impostor_09_00001440_to_00001603,9,00001440,00001603,22,23
detector_only_joint_500_v1_impostor_09_00001603_to_00001229,9,00001603,00001229,23,24
detector_only_joint_500_v1_impostor_09_00001229_to_00001408,9,00001229,00001408,24,25
detector_only_joint_500_v1_impostor_09_00001408_to_00001735,9,00001408,00001735,25,26
detector_only_joint_500_v1_impostor_09_00001735_to_00001005,9,00001735,00001005,26,27
detector_only_joint_500_v1_impostor_09_00001005_to_00001541,9,00001005,00001541,27,28
detector_only_joint_500_v1_impostor_09_00001541_to_00001527,9,00001541,00001527,28,29
detector_only_joint_500_v1_impostor_09_00001527_to_00001039,9,00001527,00001039,29,30
detector_only_joint_500_v1_impostor_09_00001039_to_00001012,9,00001039,00001012,30,31
detector_only_joint_500_v1_impostor_09_00001012_to_00001593,9,00001012,00001593,31,32
detector_only_joint_500_v1_impostor_09_00001593_to_00001107,9,00001593,00001107,32,33
detector_only_joint_500_v1_impostor_09_00001107_to_00001181,9,00001107,00001181,33,34
detector_only_joint_500_v1_impostor_09_00001181_to_00001886,9,00001181,00001886,34,35
detector_only_joint_500_v1_impostor_09_00001886_to_00001062,9,00001886,00001062,35,36
detector_only_joint_500_v1_impostor_09_00001062_to_00001743,9,00001062,00001743,36,37
detector_only_joint_500_v1_impostor_09_00001743_to_00001101,9,00001743,00001101,37,38
detector_only_joint_500_v1_impostor_09_00001101_to_00001250,9,00001101,00001250,38,39
detector_only_joint_500_v1_impostor_09_00001250_to_00001483,9,00001250,00001483,39,40
detector_only_joint_500_v1_impostor_09_00001483_to_00001105,9,00001483,00001105,40,41
detector_only_joint_500_v1_impostor_09_00001105_to_00001732,9,00001105,00001732,41,42
detector_only_joint_500_v1_impostor_09_00001732_to_00001518,9,00001732,00001518,42,43
detector_only_joint_500_v1_impostor_09_00001518_to_00001709,9,00001518,00001709,43,44
detector_only_joint_500_v1_impostor_09_00001709_to_00001071,9,00001709,00001071,44,45
detector_only_joint_500_v1_impostor_09_00001071_to_00001046,9,00001071,00001046,45,46
detector_only_joint_500_v1_impostor_09_00001046_to_00001739,9,00001046,00001739,46,47
detector_only_joint_500_v1_impostor_09_00001739_to_00001126,9,00001739,00001126,47,48
detector_only_joint_500_v1_impostor_09_00001126_to_00001628,9,00001126,00001628,48,49
detector_only_joint_500_v1_impostor_09_00001628_to_00001297,9,00001628,00001297,49,50
detector_only_joint_500_v1_impostor_09_00001297_to_00001216,9,00001297,00001216,50,1
detector_only_joint_500_v1_impostor_10_00001252_to_00001262,10,00001252,00001262,1,2
detector_only_joint_500_v1_impostor_10_00001262_to_00001356,10,00001262,00001356,2,3
detector_only_joint_500_v1_impostor_10_00001356_to_00001502,10,00001356,00001502,3,4
detector_only_joint_500_v1_impostor_10_00001502_to_00001069,10,00001502,00001069,4,5
detector_only_joint_500_v1_impostor_10_00001069_to_00001085,10,00001069,00001085,5,6
detector_only_joint_500_v1_impostor_10_00001085_to_00001192,10,00001085,00001192,6,7
detector_only_joint_500_v1_impostor_10_00001192_to_00001433,10,00001192,00001433,7,8
detector_only_joint_500_v1_impostor_10_00001433_to_00001324,10,00001433,00001324,8,9
detector_only_joint_500_v1_impostor_10_00001324_to_00001867,10,00001324,00001867,9,10
detector_only_joint_500_v1_impostor_10_00001867_to_00001074,10,00001867,00001074,10,11
detector_only_joint_500_v1_impostor_10_00001074_to_00001672,10,00001074,00001672,11,12
detector_only_joint_500_v1_impostor_10_00001672_to_00001333,10,00001672,00001333,12,13
detector_only_joint_500_v1_impostor_10_00001333_to_00001064,10,00001333,00001064,13,14
detector_only_joint_500_v1_impostor_10_00001064_to_00001799,10,00001064,00001799,14,15
detector_only_joint_500_v1_impostor_10_00001799_to_00001157,10,00001799,00001157,15,16
detector_only_joint_500_v1_impostor_10_00001157_to_00001171,10,00001157,00001171,16,17
detector_only_joint_500_v1_impostor_10_00001171_to_00001839,10,00001171,00001839,17,18
detector_only_joint_500_v1_impostor_10_00001839_to_00001322,10,00001839,00001322,18,19
detector_only_joint_500_v1_impostor_10_00001322_to_00001373,10,00001322,00001373,19,20
detector_only_joint_500_v1_impostor_10_00001373_to_00001147,10,00001373,00001147,20,21
detector_only_joint_500_v1_impostor_10_00001147_to_00001591,10,00001147,00001591,21,22
detector_only_joint_500_v1_impostor_10_00001591_to_00001188,10,00001591,00001188,22,23
detector_only_joint_500_v1_impostor_10_00001188_to_00001125,10,00001188,00001125,23,24
detector_only_joint_500_v1_impostor_10_00001125_to_00001572,10,00001125,00001572,24,25
detector_only_joint_500_v1_impostor_10_00001572_to_00001169,10,00001572,00001169,25,26
detector_only_joint_500_v1_impostor_10_00001169_to_00001199,10,00001169,00001199,26,27
detector_only_joint_500_v1_impostor_10_00001199_to_00001131,10,00001199,00001131,27,28
detector_only_joint_500_v1_impostor_10_00001131_to_00001222,10,00001131,00001222,28,29
detector_only_joint_500_v1_impostor_10_00001222_to_00001213,10,00001222,00001213,29,30
detector_only_joint_500_v1_impostor_10_00001213_to_00001255,10,00001213,00001255,30,31
detector_only_joint_500_v1_impostor_10_00001255_to_00001057,10,00001255,00001057,31,32
detector_only_joint_500_v1_impostor_10_00001057_to_00001618,10,00001057,00001618,32,33
detector_only_joint_500_v1_impostor_10_00001618_to_00001693,10,00001618,00001693,33,34
detector_only_joint_500_v1_impostor_10_00001693_to_00001001,10,00001693,00001001,34,35
detector_only_joint_500_v1_impostor_10_00001001_to_00001330,10,00001001,00001330,35,36
detector_only_joint_500_v1_impostor_10_00001330_to_00001268,10,00001330,00001268,36,37
detector_only_joint_500_v1_impostor_10_00001268_to_00001343,10,00001268,00001343,37,38
detector_only_joint_500_v1_impostor_10_00001343_to_00001616,10,00001343,00001616,38,39
detector_only_joint_500_v1_impostor_10_00001616_to_00001017,10,00001616,00001017,39,40
detector_only_joint_500_v1_impostor_10_00001017_to_00001379,10,00001017,00001379,40,41
detector_only_joint_500_v1_impostor_10_00001379_to_00001316,10,00001379,00001316,41,42
detector_only_joint_500_v1_impostor_10_00001316_to_00001629,10,00001316,00001629,42,43
detector_only_joint_500_v1_impostor_10_00001629_to_00001220,10,00001629,00001220,43,44
detector_only_joint_500_v1_impostor_10_00001220_to_00001781,10,00001220,00001781,44,45
detector_only_joint_500_v1_impostor_10_00001781_to_00001467,10,00001781,00001467,45,46
detector_only_joint_500_v1_impostor_10_00001467_to_00001328,10,00001467,00001328,46,47
detector_only_joint_500_v1_impostor_10_00001328_to_00001832,10,00001328,00001832,47,48
detector_only_joint_500_v1_impostor_10_00001832_to_00001232,10,00001832,00001232,48,49
detector_only_joint_500_v1_impostor_10_00001232_to_00001845,10,00001232,00001845,49,50
detector_only_joint_500_v1_impostor_10_00001845_to_00001252,10,00001845,00001252,50,1
