protocol_version,subject_id,canonical_finger_position,selection_rank,selection_hash
detector-only-joint-500-v1,00001215,1,1,000c6310d73040d2074b68f5fd0f83a800bd6022d9440ed9a6841883357f7fc1
detector-only-joint-500-v1,00001075,1,2,00780d99eacf1f5c9703239dc629aa8aac077130adf5ad5a7b6d4b22aee1d1c4
detector-only-joint-500-v1,00001300,1,3,00dc7d56c29c5d54e7f4af1868f396bff3c467f78a1233b13babfecad4c3acaa
detector-only-joint-500-v1,00001815,1,4,00e1df0bb30df76887225d98c0d69c5b7c784a86a7058098d37937df1aef0cb3
detector-only-joint-500-v1,00001203,1,5,0164a9fd93e3aac5adbabc0838fd8d271ce1c2ef652b6bd9ed3396ac3b3d9386
detector-only-joint-500-v1,00001795,1,6,01a210830193ecc08e5ff1aca8d9fed7a9025bac4ec801715352b990c4d0bc70
detector-only-joint-500-v1,00001784,1,7,01e81450fccf5013e4c02161e46af375b91f750eed530875a2c07d31bc721750
detector-only-joint-500-v1,00001420,1,8,0211b76b9b83c6bef662f721a695f84ddb18c9b59e1c86a6db4b6975cfdf8f49
detector-only-joint-500-v1,00001531,1,9,0227ca6b8f572012d623c1e8fe2ecc1e826b15a47bd1be55229745439bc6f6bc
detector-only-joint-500-v1,00001756,1,10,025b05e85d8315da61195d6f4f012c05d3a727eaac931b58d60be03a18d1a6da
detector-only-joint-500-v1,00001497,1,11,02cfcd1e82585857f6d3d1287c805c4c9a3d36d9e7a0ab642b66348820fb05b9
detector-only-joint-500-v1,00001772,1,12,02d8b5dd9b902f8c0e8354d4b3b62d3dd03c08a14a4bb4ca65ca7d33a83e6a73
detector-only-joint-500-v1,00001563,1,13,02ddae2438cedf60eabf3edcdac94710de7f3b82e71fa162305d32d2e8d2b98a
detector-only-joint-500-v1,00001567,1,14,030b5c2b35b04f0410b4c2f48d0613e2948721d51318a7cd5efd7af7bade3c9b
detector-only-joint-500-v1,00001748,1,15,0372eebd74fb9535ca6148e9925581da34397e9d72b8b0027364c1482a15fcf0
detector-only-joint-500-v1,00001003,1,16,0374794484489ab5ee4251304fa48ab4bd363f7d15785b35bc1c5cd6f1ce9ac7
detector-only-joint-500-v1,00001524,1,17,03b7d30b123f13292ccc8dfe0bbcca2f842309564643ac4a1128f7adaceba9fe
detector-only-joint-500-v1,00001320,1,18,03d86d0cbf825ed1501a5b548995877e226f01d6734656ebd4e05c0255f798e2
detector-only-joint-500-v1,00001665,1,19,03ece201959e1ee688b9763151bb576a6a94ca394bdd7f6c68fa38522c0fc3d2
detector-only-joint-500-v1,00001871,1,20,041ba6eee47a8d9d6ccb2861eea1b50158de585125dd06af39ac244aa020c6fa
detector-only-joint-500-v1,00001644,1,21,042f5a12a0ebf62922c2ea8f7a4ae5ac32a641ad77fdc1a6521181c34d867098
detector-only-joint-500-v1,00001475,1,22,046dfd5d1a71de2879e97cf7d5bacdfd80515b602156f2833fd91e71b4d478c0
detector-only-joint-500-v1,00001562,1,23,047ca6fc07bdac4f57a443755fcf6c0a781ff7c7704cd28d0926d24adcd2203d
detector-only-joint-500-v1,00001472,1,24,0496bfbaee0ee33a38f955b1cb66f9c51cc50f31bfd7a7d818d614f5d73ef3d5
detector-only-joint-500-v1,00001370,1,25,049717cb17a12645d0e93da2cb2401c4d2a9258a76d9b9dd96e9e73a0372ffdf
detector-only-joint-500-v1,00001291,1,26,04b3626e1166e23333a33fcfd2b1a71734ef4db4170f84067b148c435bb96948
detector-only-joint-500-v1,00001791,1,27,051db9c05a02cda94cd3a11f2064b1818187817e5d760beaf7d6a3e3c170a70a
detector-only-joint-500-v1,00001585,1,28,05bef49b826e733d31cee09440b13481026c85a5418186939cc62d6a331a7b7e
detector-only-joint-500-v1,00001015,1,29,062cecccaa115ce8e99b0f8175e97c0309c0690cb7d7d9a9c1269213eee05f89
detector-only-joint-500-v1,00001207,1,30,06328c13c005c2b95b39c0e2a7b7e42ed5e3af941979b0881adc3df56b1feb58
detector-only-joint-500-v1,00001774,1,31,0703cdbab218b0685fb6241608cfbf80ef9a0e1054bc79974aff24cff741f0e7
detector-only-joint-500-v1,00001876,1,32,079e1b9d3ccb6caf716bd67470629f26851529622c23de0cd464bd8e725cc187
detector-only-joint-500-v1,00001139,1,33,07e39ce2393fc7f57273c18b3aa755eb045803e6159c2a0912a074383e37bb38
detector-only-joint-500-v1,00001525,1,34,083647d8805e9362486fd1802181b734e8f8ef58a2920a9381bbf35b94aecb91
detector-only-joint-500-v1,00001047,1,35,08881d23dc23127344145eeecfb0fae77e929a9a1a955e71477cb778f4e8f4b6
detector-only-joint-500-v1,00001152,1,36,08bade5e7499fde10ffe4220ce7e7504f4eeabb3e6b35f2f86b11e4469f9481a
detector-only-joint-500-v1,00001747,1,37,0913b04855af4bdbfaf2341ec830b3a852318199d8396fcb9c3ec3c2cecfa3cf
detector-only-joint-500-v1,00001006,1,38,091688e9e75cf910a12703177d4ce34547931b1cc5366596b2f3443c7954a80b
detector-only-joint-500-v1,00001375,1,39,0973f1c6691b75cd27d3c799d644956833391c345b3affbaf90768f9ba889c00
detector-only-joint-500-v1,00001023,1,40,0997a8a1208e70b542a05ed81e1344c6b323c6e1c1798c137dabe276fc204238
detector-only-joint-500-v1,00001376,1,41,09a056f785449a714c793336a97e520885e25feee4017427a9faba9620aa3941
detector-only-joint-500-v1,00001296,1,42,09dbeedc4d95d2d5ff5a6d80f0085ce898ee33c9d961bdd2f6b4a32d8ad784a2
detector-only-joint-500-v1,00001685,1,43,0a203d941e4770a25e43055a23677ecefe902e179098f4772b1f0a4a783fa949
detector-only-joint-500-v1,00001768,1,44,0abee7c38e0445e20588ddba785666b672196575d75ec989ac83150ffc31fadb
detector-only-joint-500-v1,00001135,1,45,0ac13fa2732355e15c3462901652808662619354664826a9569672774b60a22c
detector-only-joint-500-v1,00001794,1,46,0af58adad3e5c6e70571370e53f900f72ababe386ba0dbe85c7a670aac34d2ed
detector-only-joint-500-v1,00001809,1,47,0b2927e075d5ce0cb419e943a5f14bd01950fbdc30cc1d3842a6b6b3becc86cd
detector-only-joint-500-v1,00001388,1,48,0b35dd7cde2c3b38e6f9acff3262eeb79d1c1f9c144ea98a1ba188657f18f05e
detector-only-joint-500-v1,00001643,1,49,0bb6d5f4dbd1562bc8cd15fd683eb6bb8881f4aa4f31ea219147ad8bae4b3273
detector-only-joint-500-v1,00001214,1,50,0bb8b577ebf7003bd068b15f1d82b82ce3cbf992de9400823c2bfebc37c1e78b
detector-only-joint-500-v1,00001248,2,1,00657ba685e7604346e4ac240e5d2fe7ee873b46cdd939ec0a65ea81bf0735ab
detector-only-joint-500-v1,00001418,2,2,0077d1953f065a4c6eadddb064b840aa0a24b130a9d2e6b218a049d9a2b458b0
detector-only-joint-500-v1,00001358,2,3,00e92362df36f17e9e445533a29eac9f4da3bb6da558a4deb5d56ceea6600d0f
detector-only-joint-500-v1,00001576,2,4,00fbef9cc163642ce0a3c5e557bfd8dd2ddb4f469f610b52a453df2469b0fdee
detector-only-joint-500-v1,00001513,2,5,018134d1e74eeb36757cdb29a8c152119d75219202f00a939ae31db686a8ed63
detector-only-joint-500-v1,00001773,2,6,02079a30fcf11874c85a7f7e160609a6a2446a40e4ecb0a480473020a1429c23
detector-only-joint-500-v1,00001775,2,7,02ad7f1ea78ea97795245bfa455d3249aea81aaf8d72ea0bd4215432bf3db931
detector-only-joint-500-v1,00001149,2,8,031e3447e4a1bf324d259d4b73c0dd6b43581b195439da36a5b52e82612d588e
detector-only-joint-500-v1,00001825,2,9,0363b0f80277d92ed247c36c68a1d9396f46e268085a7c97210a781b0d9c832f
detector-only-joint-500-v1,00001484,2,10,0364ce9434d0869dfed1c749b2b72222c60458e015eb424c16400799f228bf73
detector-only-joint-500-v1,00001194,2,11,03f149dfa58102ac7985c8d637a83dc5af8325494e23dabe958588c6df961e6f
detector-only-joint-500-v1,00001557,2,12,0400d87dfa2df149f3c5bfe43411150b50c33b8ab6e9a4f3fce680d93f0fa43d
detector-only-joint-500-v1,00001885,2,13,04224c1eabe7eb0de095540333250b147abc9277c35f57d24aca1a3f3b3293ed
detector-only-joint-500-v1,00001406,2,14,0473b56879e2a7f325906969f6cf6c6beeb2401523e7dc62430e26c3ab0de87c
detector-only-joint-500-v1,00001010,2,15,04ca9176dca929c42567f8d662c696df0ce651e2638b7c45b5dde3652b16b474
detector-only-joint-500-v1,00001670,2,16,04ce3520afa0a829fe19c963b4da61bb32e6784cf42d4472cdf2b52cb55bc72b
detector-only-joint-500-v1,00001114,2,17,05156d405364fd4de9902c7c1871f3a883c46b3a7e14f5a64062428356aff885
detector-only-joint-500-v1,00001020,2,18,052a0d9a38374a006c3ea7838e6543aadadb25d064ab5ca7c0df7c03ab2a8549
detector-only-joint-500-v1,00001498,2,19,052b37ff4cf354d002b9dfc9b47aa6e500251bf4be8442be7b293d0130f7076c
detector-only-joint-500-v1,00001487,2,20,0566a317fa78c68d72bc19431a7a95250ce864b7837412065f0160719c407a6c
detector-only-joint-500-v1,00001812,2,21,0597cd968a81e82b16c571f856bbf01a232698b4b0eeeb177b8f0006c20218ca
detector-only-joint-500-v1,00001649,2,22,05cad19cc0cee242c9e59ebfecb22cf1d4e389e863135b69fc6fbe708c713b20
detector-only-joint-500-v1,00001455,2,23,0641961bc944056026bb1860eb45a09ff40e91497df06901d4975c8789f82910
detector-only-joint-500-v1,00001540,2,24,064c2672b8a1d1dc1a5b31b525d5417a774114e4bb15fcb4eed4eb0d45c88696
detector-only-joint-500-v1,00001168,2,25,06b269a311427cc4bf5c2bc12f80208b968d3ab9d07d04590f95dbe88e864b85
detector-only-joint-500-v1,00001223,2,26,070ce009491971384b193e15cba45c98e27415c43f8a66649da3e6a3b8ae33b3
detector-only-joint-500-v1,00001158,2,27,072b1dfa908b5e422054e71e6759c81c22fd8bf941cdbace3413cb776551884b
detector-only-joint-500-v1,00001677,2,28,074da1319c7bf81c1f259d4373fc6710593e69f6e9a7b8f1a37164b744be7828
detector-only-joint-500-v1,00001060,2,29,07688b0c1ae6b92504eef8e2744559e8f629fddefaab3ed04d2a301b512d0d20
detector-only-joint-500-v1,00001186,2,30,076d351d8a6306eeaa44a2000d0af06005c34d21f4879e6970a837fe82bb0373
detector-only-joint-500-v1,00001667,2,31,078b058744ab2a1f697d8af4986620d58339b56884e260ece765fadb9b493d50
detector-only-joint-500-v1,00001117,2,32,07b627bb1d71a8575379003369da1777f6a3465b2279a5f5c5b1a2567d2cc9d0
detector-only-joint-500-v1,00001803,2,33,0808da4fc2c284fdd88c210bfd991ba8197f8b3a3be03748e7950ce0b6ef3018
detector-only-joint-500-v1,00001817,2,34,08758dac6dde5e3cc9a057f001f1c8af9e05fb3bf704d7acb010e190e5a2ba73
detector-only-joint-500-v1,00001590,2,35,08fa7f5cb2ea487e6ccc5a1b54e95e83e085b7657ef3f6f0d3c76b4af0fdcc47
detector-only-joint-500-v1,00001848,2,36,09c4746c5df78d85c56c1cd10bc936ce16aa540da169bb775473f3f30f58a2eb
detector-only-joint-500-v1,00001018,2,37,0a09a2e9169ecd9e79ed059b1936378edc32947220bf1f840eb0c0148f2d350d
detector-only-joint-500-v1,00001299,2,38,0a15f1f38ff69ad4f63bf9afb15747eff83034c7a92c1a92b06f9136935e5607
detector-only-joint-500-v1,00001202,2,39,0a336e276d2b2b24210e893b60be21fce2b1aba29d9157453e1011180bfd5478
detector-only-joint-500-v1,00001716,2,40,0a6c5d6cbd39b1946b590f2cf1c2936c29485f577cb85f0064c5d0b95784766b
detector-only-joint-500-v1,00001613,2,41,0a73da8aab9cc37420bdfa7e789455168fe09468d966497da6431e7358df6392
detector-only-joint-500-v1,00001571,2,42,0a92ac4a5517bdc3c542c1fb10365bd61e20af81b42ddf5f483bcb09d51f6fe0
detector-only-joint-500-v1,00001683,2,43,0ad307de62628399eb2c372f3131b77ad89d6c61058573967bbe9e275f71c1ea
detector-only-joint-500-v1,00001187,2,44,0bd6a657d1c43c95ab26bd0861da26415c8fc45b539dd36feb46bc7e479036b6
detector-only-joint-500-v1,00001302,2,45,0bdeb4c33ecee8876d59b77794c148b13ce25ec8b19be6371408bf0b8faa9c1d
detector-only-joint-500-v1,00001034,2,46,0c4519ebd690ab8c6612e259a5b2eb25fa4fb9bbd6a1a660539fc7c895a3094e
detector-only-joint-500-v1,00001374,2,47,0ca5e37d34159ed50a8ee7fb303c47a0795bd0b86e94b9fb37e2ffff1466f300
detector-only-joint-500-v1,00001505,2,48,0d266d6d206eee6fbcbb6bc46b2d867b4812867b5925bfdf7a374bdfffc737fc
detector-only-joint-500-v1,00001146,2,49,0d3f4bf8c37541784239e7c08ee909d93accec333c239e55f7505a9d21565f62
detector-only-joint-500-v1,00001096,2,50,0d5f63b686d1761db4a5f719535880db4c9be7857d7b0dbe0beb9d4a623f87ec
detector-only-joint-500-v1,00001200,3,1,003848b33e287fa0e1479bf3b1862995ed84af060767678bb1092e41d4a047f9
detector-only-joint-500-v1,00001120,3,2,016394944009d83c72f66c798ddb6c80a3f2203f1efde1f04ca3b9f283299e70
detector-only-joint-500-v1,00001007,3,3,0197bbdcb30fecb77c7702c7fed4b3d9e8875381fb524bd26ca225ef6f394e7d
detector-only-joint-500-v1,00001736,3,4,0197ed24bbc004d4c0f4a7d82a5d2dd71338e16ee2c2d466ee241714dd4e2622
detector-only-joint-500-v1,00001849,3,5,01c92cb664019d72ec4d6c086c9147d5123ead1408b9b0c1950421525f7bab8f
detector-only-joint-500-v1,00001548,3,6,01f84e86d84c1b8c007f39e899b0b6ba1aff223bae3bfe71c16fd8d6880377be
detector-only-joint-500-v1,00001183,3,7,02d05d1057928e8e5b53ed14a57eee2c677b0fb5e6fae1451401380f62a0173f
detector-only-joint-500-v1,00001359,3,8,03389498bbec41d48e97a805c0892fe0562b52e8bd171aac3ebc71965c54858a
detector-only-joint-500-v1,00001454,3,9,03b0736153ec5a6e398efd9bc865cbecc890b93b46b16ea0971ba68da08422f3
detector-only-joint-500-v1,00001397,3,10,041bd87fefad4baf5b30c057b6f1f0d951c91c6347ef009eaf9ff233b9eb9428
detector-only-joint-500-v1,00001733,3,11,04ad8ec583768b01e83dbd2beae391f00d70f8fc5252c3810bacdaf243449093
detector-only-joint-500-v1,00001835,3,12,04b89ccafcac25b6331653f7db8386259140559ca9da59198e376838f577f3be
detector-only-joint-500-v1,00001637,3,13,04da4cdb041e092e02df9188e7d3bbc73b33fe54ab544a18926561c8c5ec7ee3
detector-only-joint-500-v1,00001434,3,14,0538b29fbe028853c26db25f163e5345f399955478265d29fc878410123eca7b
detector-only-joint-500-v1,00001703,3,15,057885851059cae6802c2c2ec58c81bc416f1842007db74a2580806bb68fe19b
detector-only-joint-500-v1,00001486,3,16,05c5ad77b68773162e75d617f63e401eda676042e43c7d7f0b152cc3df642f27
detector-only-joint-500-v1,00001432,3,17,05d13f7e6eff510cabf50410056d91e20b5d96def1b4e24a8d8b677bbe1cb007
detector-only-joint-500-v1,00001828,3,18,05d4112792078e6efa3bc70306bb7c1eec111ee9cd1b295e75248ba46528fd28
detector-only-joint-500-v1,00001122,3,19,0678c77c69f10249b6b6f3f5042fc33f073f4d1457175bbd2877c5d335c8d686
detector-only-joint-500-v1,00001251,3,20,06a1f5d21d07169d24f1121a352c6dbabd28cfeaeaa7008653307203a16ee7b0
detector-only-joint-500-v1,00001191,3,21,06f0ea1953613c52de8720c39faa1987b8d37100c59f7330f9c74da962f2132f
detector-only-joint-500-v1,00001824,3,22,071d0e6c7200284f8453dda523410db934f68b5e634c7108b3ab0a14bca24d5a
detector-only-joint-500-v1,00001025,3,23,0721413b4b48776854af3f17e97b7b018090ad1f00246f6a41a6aecc67e46376
detector-only-joint-500-v1,00001429,3,24,079b434e764ba263fca318a1c8602f4add9d054cead460e5ed1dadcd4f86b16d
detector-only-joint-500-v1,00001283,3,25,0804cd7a4ead0de4b556f92e8ae80ad9c8644b2c76bb73f927db24119b7941a0
detector-only-joint-500-v1,00001347,3,26,08730b42d85cbc2b486e7a91513ef6f570fdf0dd2bf311238cc50c15da02b814
detector-only-joint-500-v1,00001595,3,27,08ab08fb23665b2b18abd0512475cb48f3c77445d134f3a9355d57329670521a
detector-only-joint-500-v1,00001520,3,28,08c077fd741f9930f755a8c9414b9a84c969a44def3f85e66b4cb36abc294b4a
detector-only-joint-500-v1,00001425,3,29,08d092eefa672563940d27282f42aaa8715913d0c2a59b90e830102db385dff8
detector-only-joint-500-v1,00001471,3,30,092d88276ae3673ec2b536ab7ba90adfeb86182498c61b13995d3e876c70aa92
detector-only-joint-500-v1,00001102,3,31,096c68b753579731b730149de2bce65b19a52de09c15592e63e0acc51c37ce35
detector-only-joint-500-v1,00001701,3,32,09be3dfdb6808eaa781e973a02d9756a85d183d91290ac5673bea257bd263234
detector-only-joint-500-v1,00001827,3,33,0a01e854804996a8d650a6e34ce1820162dcd7953e9253f29bbed1e462f941af
detector-only-joint-500-v1,00001866,3,34,0a362a723afa0a2ec34b7726812f0ff59ec40425b1cacdbbeb4f81b08ebbf312
detector-only-joint-500-v1,00001141,3,35,0a3ff914373e21f5305fbef7918deb16da8a43a2c9aea7cc595c20ce17001364
detector-only-joint-500-v1,00001363,3,36,0a8e331c8f08373513f9e2073dda7b05ef85f802b97cbfe638bbe3d5d5bdac29
detector-only-joint-500-v1,00001081,3,37,0ad64e3893eb186afaa3f314daaa769ecf6fc75221407bf88c2cd7b50ea6feda
detector-only-joint-500-v1,00001443,3,38,0b0b0a93a1c37bdf00901e692b3dc9d5e3a28250aa0e04d29f9e8482cfda2d21
detector-only-joint-500-v1,00001357,3,39,0b27f3ade7e95315b0fab9fa846fd3228c06a79b672cbebb6e747b62ce25bbbb
detector-only-joint-500-v1,00001390,3,40,0b77c059de4d2d0f845fd96b356529798d520431c3ceee145605f1d64e4f6b3d
detector-only-joint-500-v1,00001321,3,41,0c5e4f7353aa15fd187e3f2f32beca3424afafa01c328fa73dfd81145b6b1fe2
detector-only-joint-500-v1,00001711,3,42,0cb54af8de1df09a7589c7071542ce55101e2096c36e0a8b25dbf7227b980c42
detector-only-joint-500-v1,00001265,3,43,0d409ab2ed1d0c7bcd11409be279ba7e2d17a43ea17137b0b15ade782088d31e
detector-only-joint-500-v1,00001528,3,44,0d625bd8072d31f7a08554ecce88ee84cb4d17cbbb249106a2cad51559ecf7e5
detector-only-joint-500-v1,00001633,3,45,0d6964ad3bd50d214a5184c96cc0ed2ef576d5de48a18d628ac270073b21b64c
detector-only-joint-500-v1,00001556,3,46,0da6ecda7b10289d5e6a9ce0a71b6cffa4394a2464c4f0d734f69acf1fefc686
detector-only-joint-500-v1,00001395,3,47,0e09d589527cd34d4bfea0cd8e5b254bd8a0dc24c8c1c25916c25ba178d95b1f
detector-only-joint-500-v1,00001061,3,48,0e28447086029f19e09ce8085550dce65d4ce23227eabcf20a6ed6ebc72f51f4
detector-only-joint-500-v1,00001696,3,49,0e3948c2561c3649a11d815663fceb0f53bef1cf47c432e73d1077be950fa39f
detector-only-joint-500-v1,00001306,3,50,0e5b5370adf05d0b6cdab43c2bdae0a704046369ccb1189c221abc1ace154d19
detector-only-joint-500-v1,00001164,4,1,00a886214ecb20c23ce7b9648b08a136779bb8e8545370101c875f831d84b9e4
detector-only-joint-500-v1,00001695,4,2,0184e35d1f38811baecc06dbb7f1b8e41be218503e0c2ae07747444f33b13aa5
detector-only-joint-500-v1,00001350,4,3,0211a61dcafb796a0cdb4efc33fa08eefb4b7050abcf7ee60efdc13ed1a882da
detector-only-joint-500-v1,00001103,4,4,02341ea921137b6f18d7a5a5cd1c1734722163928ba3eb9f6df6b0ab072e613b
detector-only-joint-500-v1,00001806,4,5,0240ca2ddfa065add826555e5b6f1ba1b6dc5169bc10724e221ef5b59e68318b
detector-only-joint-500-v1,00001679,4,6,025fbc202154c7da8008ac0495b4975f1e7cbfe09fb4dae9a2befbd6207dc9be
detector-only-joint-500-v1,00001586,4,7,0288bbc25d3ae4591b6d38e33160246a12ee625c9ad36c18be9175d0dc84edb2
detector-only-joint-500-v1,00001818,4,8,02a83c32ac839acbd151c78d0b02611c7d2b69cee3e1c5f8ed81944c9909ad11
detector-only-joint-500-v1,00001615,4,9,02c163551091cb0ffc28ee3fc182df95e1f8dec8b641045d04133ada920fd0b3
detector-only-joint-500-v1,00001621,4,10,034a0a90853a096ed0aee5d3fc923779f9603478e4e72646ba52a9eaeec1e29b
detector-only-joint-500-v1,00001627,4,11,0387d9b11a586dff9ecb1991d187e40d39bfe8dd77bc7d63c83f36d01408b4c1
detector-only-joint-500-v1,00001419,4,12,04095d4b8e502729caf844732a5017462dadfc76345c4d2ada682ae8d8d6b6d2
detector-only-joint-500-v1,00001342,4,13,047aad68b1426c6e6e30cfd1b7796cfacc4fa3e1a30c3b9893c4bebc1e868cc7
detector-only-joint-500-v1,00001719,4,14,04ca5b8b6fe088ede20a9738f4d532bd65a77bc157c1f9c391d8c9e4b9f2403f
detector-only-joint-500-v1,00001510,4,15,05626ff271b7774866b3ff0d12a84c1f7e34c4d72ddb43adeccf47236c3a1e66
detector-only-joint-500-v1,00001554,4,16,065bc0270eaa56658fa6e83f0ca4c0109dc346a1e667be754b7686814e596a49
detector-only-joint-500-v1,00001385,4,17,0661e6fec3c3b8511e2227884f12df48aadc47c6fabb94134d3756a4fdc21f81
detector-only-joint-500-v1,00001104,4,18,0708d7746f5dba3e9c01de3f78a0805fbe8d6416e8fe39e1658f1b2ab39b5db7
detector-only-joint-500-v1,00001750,4,19,0769355d5e631cee9b9ef573100c2af658daf8869de1316d11d682c612c924d8
detector-only-joint-500-v1,00001553,4,20,07a288e35f51eb592fa7d38de6a420967168e34c05d62d4b16711a89a8c88d09
detector-only-joint-500-v1,00001659,4,21,08444731696e79a2a5c960f55bf1c4d6b148a3704525c887ce626edff2382d76
detector-only-joint-500-v1,00001044,4,22,089906407f7cd9d4625da31f152692473d0ab54a79fce12ccd4f2cbf9d74502d
detector-only-joint-500-v1,00001822,4,23,09642fa6f5d82ca9678f0ff307dd34826120b6fbb761df15a051aac56ad06dda
detector-only-joint-500-v1,00001032,4,24,09b61d0ed34c002ee446a0fe5da8078ed6474c0feaf222db1341893de99a7461
detector-only-joint-500-v1,00001530,4,25,0aa4260cd7bb639c1002024ce18c6fee45392f0e6ecf180bb91cff6f63dc96aa
detector-only-joint-500-v1,00001698,4,26,0addd48796d6922b50634860a7615beb23c5facee582d73378041a648efd1eba
detector-only-joint-500-v1,00001137,4,27,0b31389e2caa0c48b7a3d3dd20a1a6383bf2c97bcfe6fc4623101c232bd0f142
detector-only-joint-500-v1,00001353,4,28,0b88bbc30c946b58356bacd605d14913d07f22fcc57e1dedac27bf9a8b91b728
detector-only-joint-500-v1,00001351,4,29,0be0f467c590eae0260f2258bed9da3299a6d23a912b9ee10ebd518d695f5d9c
detector-only-joint-500-v1,00001340,4,30,0c3c0d3ffedfaac3dceca4a880cf3c888cf5870ee35cac7585279259e8da2a39
detector-only-joint-500-v1,00001236,4,31,0c70e855c9013eb83fbf944db6b2b88259df94d8a13970441dd72bfc7db9f8c3
detector-only-joint-500-v1,00001177,4,32,0cf6ca1ad37b8a1a77200f848516328a1958019238de8573f31ca7ef33aaf5fc
detector-only-joint-500-v1,00001269,4,33,0daddaa813be5bf9c0184fb2b032798f24a7d253ca1d1707f349c07336dc5390
detector-only-joint-500-v1,00001596,4,34,0eafaeb1b111702de16861fbbd7d3760fe1fc3b7b458a912e3d51af7d2a349fa
detector-only-joint-500-v1,00001731,4,35,0eb08c23782946679b354cfaa2a94857c7734c1b0f0decbd4d41a5d1c76267ed
detector-only-joint-500-v1,00001765,4,36,0f404d48e3482aa9f206e7fbe6ca0cded1c65d45d3ab9877aacc34e55018969c
detector-only-joint-500-v1,00001843,4,37,0f468a2d0af25f666fa071e7ba75c801c1c54352c1db1f356c202edcfc47c7dd
detector-only-joint-500-v1,00001362,4,38,0f9756346cbf0e4697c55a164727e880263f1f8337302e3e8e66b127d6f1c180
detector-only-joint-500-v1,00001402,4,39,0ffe2f6fc4cf3ff2e301b3f1b414b800e56cf01fb49f2f7d975fa3f29c3b712c
detector-only-joint-500-v1,00001503,4,40,1072b0cd0a911e69d6e256b977e00a48be9474ce9013177d2a2e9ada9877c1b7
detector-only-joint-500-v1,00001037,4,41,108bc0ce2975535dee86651a003adfdc45a0757b6d7b701afbb22bc9174f6168
detector-only-joint-500-v1,00001575,4,42,10d198b7c1d880a6f20f1e254374a1205a8ed1a72dc6a942930a29b3ef2453cc
detector-only-joint-500-v1,00001836,4,43,10f3d65e53ebb3de65404ff36630439adef57dbabbe117273deac399ac31ee39
detector-only-joint-500-v1,00001810,4,44,120e5454abacb5e1d3349172e68848ffe64c279a5f51195a7f163a0ca2211f45
detector-only-joint-500-v1,00001599,4,45,12b5e089dbd1c88b045655334f52751f9d2159fd7bc76b0f48d75a209be11fe5
detector-only-joint-500-v1,00001580,4,46,12f4961e0d1073fc719df8f0842d249e593d117ae66046ef24c0b6dc99dbae2c
detector-only-joint-500-v1,00001052,4,47,1335a3ae84f0b8ee4f1030a3162da14fa08006e2f5ae4a3da5c69cc5e558e9ee
detector-only-joint-500-v1,00001136,4,48,1366ba29eef3d27accbd5b6211c946511fa60e7cc5904eb356e31233f9394129
detector-only-joint-500-v1,00001631,4,49,137b936458d7821155df06962bf87180c05ab04554f4de1786205902b59b72eb
detector-only-joint-500-v1,00001179,4,50,1384618ca6d0f16a60224ab77b06e7c156b227bfb3c390c569a07c510fdb69c6
detector-only-joint-500-v1,00001837,5,1,000b382fe20f582650a7010c77c6f2575a944e351906e759a7e90a9680d067da
detector-only-joint-500-v1,00001594,5,2,001928cb525e53aed4b813bb810c1804fee4c0423f4d8fb0110458877193d4fa
detector-only-joint-500-v1,00001641,5,3,017e7053ba6ff254fe10932993b04203c907f3f54d240cb227b1dca84d9a9ae2
detector-only-joint-500-v1,00001304,5,4,027c52442d4650720e9c6b5a87d302958892d7181ea27e6597c6f15044cc9d6e
detector-only-joint-500-v1,00001153,5,5,02d0ebfbd3a63f2b4da9b844feb7829eac46fc0d61276cd38cfd81a2ec260251
detector-only-joint-500-v1,00001689,5,6,033cc9df7893258cf0caddb506e7e71649f4b613927595b71eed79dab7a11570
detector-only-joint-500-v1,00001798,5,7,0493dfa81dda0c417f2e5e9ca529b06290e094b7e811bd89fa3a24d6845a5256
detector-only-joint-500-v1,00001239,5,8,0530a80ba55998b131be6d721e9e040188bfb5bbd300e0d3d7539e6784e0aff8
detector-only-joint-500-v1,00001473,5,9,065ae05906ad54db63b2776cfcbdfdabb90e867ee9521d4e9e6cd3d2bdcc246c
detector-only-joint-500-v1,00001190,5,10,06821e2778c46476612da3383e2a8314a8f3ebdf880cff5058cd38b4446fcc1c
detector-only-joint-500-v1,00001327,5,11,06aa60fa29169e65b21ce729d31be81ce5ba1fe40399cb80a0e0889c3d2aa821
detector-only-joint-500-v1,00001680,5,12,072edbe24e9e66ca82369f06132838ceee15df7066f7f368d5e97b6419316165
detector-only-joint-500-v1,00001456,5,13,07983a7755e3278559a946aaf271a50307bafa2dd0829d70bca166aed7a2f43a
detector-only-joint-500-v1,00001346,5,14,07cb215706d3259542611dea18e469749acfe14a2103ea0bd271099aac2274be
detector-only-joint-500-v1,00001284,5,15,07fd87f1f1c18f227264276938874bb617d2b02b6e3bd4906862897a7779d5c5
detector-only-joint-500-v1,00001084,5,16,08a60d1e11037ff9cceae988d7d1f925aec8871936203589f79d706a67eaea09
detector-only-joint-500-v1,00001878,5,17,08dec08a26153177b5e7ae2dcc40bc3bc7e220eacc5d27aa62af116e9f2d7d0e
detector-only-joint-500-v1,00001536,5,18,097495acfd16f6ad962d7184e406f3904bfaa59f692048feba659b4214955979
detector-only-joint-500-v1,00001611,5,19,0a2d4fd230b95211e45b23375adf3239b0c9c2dbe2a3628cf5f7dde54edf45e3
detector-only-joint-500-v1,00001278,5,20,0b2bceb544841cc3ef1e92936d5a433ff6c1ef91bd21b3c74c4213e079323a97
detector-only-joint-500-v1,00001197,5,21,0b40dc25482c4b0a02e8f3e77b077fb5279f20bea025fcd13df1c0eafd7d0120
detector-only-joint-500-v1,00001072,5,22,0ba101fbee8ae600b5cf86cc17bcb399dd01931c02f69cd0c8efcc2ed53435b8
detector-only-joint-500-v1,00001786,5,23,0c21efd85555672bb734a0f7589ae27c8f17e7ebe591ea99c0d186dc81fcbfc5
detector-only-joint-500-v1,00001535,5,24,0c2a74509e90a4a227475c327adb3a4aed91647b24c4867a23f943c51e5ff78c
detector-only-joint-500-v1,00001273,5,25,0ca9aa10ad295a5b31a054eba756719264772bd606fbf09258e3bd491e13aed2
detector-only-joint-500-v1,00001129,5,26,0cb45d068b7bed937851f68df1049e8fdc4fc7c9daf9aa720c64cad27dfb483e
detector-only-joint-500-v1,00001056,5,27,0ce58728a289f67477b781475f4e9b243260a2e05cfde612bf57c250ee827c54
detector-only-joint-500-v1,00001509,5,28,0d233d672884fd689675e9ab5f047b60c3a225a9a6f7b9664c42906d13e4980f
detector-only-joint-500-v1,00001491,5,29,0d4a5ffd4c14d8e11cdb7c4f4e9f293a109e4a1766f53089c05b137e0bc62b34
detector-only-joint-500-v1,00001282,5,30,0e3095046e90f31bd6a9d3c692607c670d1bb8dbfa26b4a16909ff977d9d2633
detector-only-joint-500-v1,00001635,5,31,0e44683fab49fe4327e62292a421f7663183c659c2920968b198901ecfa273c2
detector-only-joint-500-v1,00001684,5,32,0e92b4132ad5a97fb191fcab797e154666be68ca8c7265299273e6d0402f528d
detector-only-joint-500-v1,00001097,5,33,0ebb12c929429e7d92d76ce2f20f6f343471e165e9af00deb1485d244af4e688
detector-only-joint-500-v1,00001842,5,34,0ec03ea95102cce201c069ae335a418917ee93ce12489ebc52bd8f98883318c3
detector-only-joint-500-v1,00001856,5,35,0f136e8b7f9f47fa5094e92a50c7595a10110443343d50da334c9f67462da922
detector-only-joint-500-v1,00001409,5,36,0f1924e4ede7b36d99e714f1cca2abbfe96c8bc2d03645c10939f5dc38d128ce
detector-only-joint-500-v1,00001865,5,37,0f633f1d7c163b66fd088a8cec92b9b44003a7827f712b82f81b9083a6b0b597
detector-only-joint-500-v1,00001625,5,38,0fbf33558159a56189e38b395d01718bba00a13f43b3080022ad93305ed53bf9
detector-only-joint-500-v1,00001036,5,39,101308956fecd9e05758edbb605ad8e1df1dc12695621e83a151859957648a77
detector-only-joint-500-v1,00001619,5,40,102e1102e3480f3b1f494e1a1418b6987d9849188e17e653f4750521129992e9
detector-only-joint-500-v1,00001459,5,41,1113930853a05f8bd942efca3b3b6c51f90516bbb2020514818723e850f7b421
detector-only-joint-500-v1,00001165,5,42,1140a1f7ad43f98d20dd4ab59e1f5d7dba8549153eacad91679859dc2f838e3a
detector-only-joint-500-v1,00001789,5,43,116afe859a87111c1d03dcb293d4680f35bb545708dc70280d290e92e7283c13
detector-only-joint-500-v1,00001489,5,44,119bb89b14427f9d9cbef792affd2d4427f01b07ee053b9b4f4924da1de0b889
detector-only-joint-500-v1,00001073,5,45,11a350688e92cb427652769ca5cbb72f101876741cd66243a8e33e3ea80c7206
detector-only-joint-500-v1,00001881,5,46,11dfd081cc9a1abe8a7be66d33af3f47faf20bceb48b8ca13421ff754ddc40d2
detector-only-joint-500-v1,00001579,5,47,13a88806985b8d62fc5075cc367c3d5a30e33de75feed6143516bdf9d4ce2cbb
detector-only-joint-500-v1,00001352,5,48,1413daab59914f2fd9fa468315ebe0b8841ae75a238824fa5a5ff5a6544e0ff6
detector-only-joint-500-v1,00001632,5,49,149aca125961bb4a2fc777a5d5a42bc771caed8941bbb0912859156628c9f21e
detector-only-joint-500-v1,00001431,5,50,14cfb9bfe4075dca2df7ed6e347c271bf3fa78ea28e9af25d0dc78a7830d9630
detector-only-joint-500-v1,00001245,6,1,006bc0bfc3c39b5ec457662a10415ecb6c27293a4f4b620be8856127d37eaca5
detector-only-joint-500-v1,00001640,6,2,008581538ef3e5a69cad182a351f1cb4b7732e4d31539033243ffa0597765cdc
detector-only-joint-500-v1,00001666,6,3,009cb06bc3950b6f13a6e131c76f68053d283536da24a06a3ccc195c680621d0
detector-only-joint-500-v1,00001156,6,4,00e708229049ae900acbbe868740074f836e629ffa7132a6d312e8a08dd83d45
detector-only-joint-500-v1,00001598,6,5,010954fa203ca20849442ae8283f320fdef4581638ac62e615f3ad8cac425cb3
detector-only-joint-500-v1,00001470,6,6,010ec664fbb9ea154e6a1e4dc26058d7fd8a882712b80adf8fd0552b432a273d
detector-only-joint-500-v1,00001080,6,7,012930230731dbf6eee211d1c058b12aed3fad7ad95be5240706f885d47f85fc
detector-only-joint-500-v1,00001676,6,8,01ed9e212257b539ad7278a0a6eb4037fab355eaa4a400fc8961ba5b95bc9da9
detector-only-joint-500-v1,00001298,6,9,020e29b6acb2fdcf041c4bd567f676e55265647cebcb0f98e68bc5bbf003406f
detector-only-joint-500-v1,00001617,6,10,03355c5d88972bc13e3fe005817397ab5c53d700de22f57bb6a08886b4122746
detector-only-joint-500-v1,00001479,6,11,036f58de975ca59af8093d916c19436ca935e4cc27611e0b0da45686db8b454b
detector-only-joint-500-v1,00001344,6,12,03997c8657e61047c7ce85b1278c6ddb3b1a9b484edd1a74438d340634a36726
detector-only-joint-500-v1,00001134,6,13,03aeda409761800c94d5ff3fc4e72cb651cc074f8f6c571313109433022ec149
detector-only-joint-500-v1,00001490,6,14,03dce7da3fc9d4a68433e135f17e99719457a761f6309b6f0cd17eaa5144638f
detector-only-joint-500-v1,00001336,6,15,048e507510d7640e3a9071762b59b14049ba7edcf4de13680bdc6e181659c752
detector-only-joint-500-v1,00001132,6,16,05169898a5f4b6e4cf3c39ff617c6609ccd7b2d556401d193b40f89b0c2a15e9
detector-only-joint-500-v1,00001814,6,17,05d7d35bac235189d5aa8af569ae99188c7de474e694101f3d0399b78b816a03
detector-only-joint-500-v1,00001862,6,18,05e22a685858198b0426730af30f2c5d9213994e029bcc232ade9602842b7296
detector-only-joint-500-v1,00001055,6,19,06b415ba63924262c076da09a60ff873dda281a443ca7a6222538f2acffa2863
detector-only-joint-500-v1,00001038,6,20,079ba91e68139bda0433d94e715e13c8de9b9e231c92602d24055a3d9d0432d9
detector-only-joint-500-v1,00001656,6,21,07c0d0f61ad0050dbcc7686c639ae1fb233b8527167adf7abf6a2eebceed6975
detector-only-joint-500-v1,00001802,6,22,085c2d1fa5ccb6f89d1dcab2d8d0bfc85cb4c81c8fbf954365f954aac9bde491
detector-only-joint-500-v1,00001217,6,23,0882890b2461033192c1f524cdbad3938a6c3928d68a86f3f8d29139d4cbb4de
detector-only-joint-500-v1,00001833,6,24,08f630c879d908d7f30aad5ebdc4f976785cbee1967fab36fb72489b94cc8941
detector-only-joint-500-v1,00001241,6,25,0915e6a09864f689fcf0fbc3fbc07932345c0ee4da52f31ca49386079ac9c109
detector-only-joint-500-v1,00001753,6,26,093b43118d1dbb45b84fc23b8219766fcda6a252af1471aeb06bdaf2012486b4
detector-only-joint-500-v1,00001879,6,27,09eac1d96cf9eda6f75fefeeed1f8e429907f74c54bee53a3cd1df3fe885e79c
detector-only-joint-500-v1,00001450,6,28,09f9b13d5a0b0d201f688f277cc8288d6f738fbfbe86aaae3f6b6d150b8bf51f
detector-only-joint-500-v1,00001717,6,29,0a57777958a7b941da9a2a54d4391c2c933dc77f9778298e727b7723f458187a
detector-only-joint-500-v1,00001738,6,30,0a7232a04eb7065325c7dac0777b1cda56e25ea4d8cf66ab6fb5976fb5f3c358
detector-only-joint-500-v1,00001639,6,31,0a8605effc5deb897abc2d45eb845c27063c349dbc42f24c70a93ac9b8e81648
detector-only-joint-500-v1,00001398,6,32,0b12f19728ee2bf2b279dc701a5c9bb937ad16f1ab513866f171be48f5c85e51
detector-only-joint-500-v1,00001544,6,33,0b266c22df1d0ff8e159d65ea1c200d164329e1270ed7422b7683e5150837faa
detector-only-joint-500-v1,00001442,6,34,0c9e7caa8c9e94baa4f35adefaf589817da0f5d0641e3960a9a24181e199ee3d
detector-only-joint-500-v1,00001108,6,35,0d059be936261b99364533b43f33e9e3034790720d349565db25f8315f4004b4
detector-only-joint-500-v1,00001800,6,36,0d8929c4ba2bbde9031053147b9e0bb8a8bebb7b754925b9ce53865c7418e901
detector-only-joint-500-v1,00001537,6,37,0ddda71833630bc64373a38dbf2a47dd39ff28333e5ff4c46453f7a41bed208b
detector-only-joint-500-v1,00001140,6,38,0e53daf0e835b0c410decc98003a66dd30226e30feec702679f816e8693e5ea3
detector-only-joint-500-v1,00001734,6,39,0ea33867d64d9dd6a3a60b23242c9e27cb9a0d44f689bc4a4ee265164d35ce73
detector-only-joint-500-v1,00001706,6,40,0ededcc2e91386b919c3ad38a78adc995f8763fce6d6eb5ecec302ec7b26ea98
detector-only-joint-500-v1,00001271,6,41,0eede30def81ad62577416ba35ecdbd51e0302f549ebcee2d0bcca071c76887f
detector-only-joint-500-v1,00001311,6,42,0f8753d0828ff950f400d3de19e67dd68899eb065c59c5303b1497a49a63972b
detector-only-joint-500-v1,00001783,6,43,106b210570c889b29925488999431829bf96a19042a4e470f5cd4ff23aad759f
detector-only-joint-500-v1,00001077,6,44,10ea01584fd2828cc80c8e99c99829efce7aa6fd4206ae412c93ced0544836b3
detector-only-joint-500-v1,00001545,6,45,1112e91bf4d65b8a8d109ea680e1c9ff0e439e8bf2700a062baa2fd724e93ffb
detector-only-joint-500-v1,00001412,6,46,11385cbb4ec792b9798e44e8cc83e98f106ce206c17f4fe23d8af77dcfb3d0ad
detector-only-joint-500-v1,00001413,6,47,1149b88af0f4915527c86b87765f47ac2d8ec1680de48495dcba871053db31e2
detector-only-joint-500-v1,00001499,6,48,11591ba8b0fd58c98d03116ffc8c1be2a3593bf98451ef55531fa2febe10697f
detector-only-joint-500-v1,00001210,6,49,11ea776e22b5c3eaec460fe64fe270c9a8e0ecf21d22f57f6af17840f101b140
detector-only-joint-500-v1,00001422,6,50,11fd0a40ce84423a4777849048227cfa684fc16657fe004e4ca1146fa3a65abb
detector-only-joint-500-v1,00001348,7,1,0007e96f199ff3aa853c58dd2cd517bf5ef159ca51ca914a65ca398216c4b6b9
detector-only-joint-500-v1,00001392,7,2,015948138aa1ef3097e85bb385fb0b7b1cc0d7c9db7ff8147cd94be507833306
detector-only-joint-500-v1,00001465,7,3,016a3f29de444643616858ef45c04f6a75a7db64e75cde7030cb8f8de0df955b
detector-only-joint-500-v1,00001887,7,4,017885f8f5578c87aceec6714c773eb22805c4dcc93384a99d6f68d09a1a6a68
detector-only-joint-500-v1,00001574,7,5,01d855528c68b91006e425163d90c211b33458871336a9582f6a9de3182a7176
detector-only-joint-500-v1,00001688,7,6,01e1d082e20d3a0c6f6bef9161eeafe02a257061fd783a0997dec3813f1befaf
detector-only-joint-500-v1,00001143,7,7,025a22a6c79b0cb0ec9ff04036d52cc32397c9aa4740bdf5d6a05a76847269b6
detector-only-joint-500-v1,00001109,7,8,02808108ce9715a6279b34c97b003b0d83eefc27b204b58da3bc92d0f963ef9f
detector-only-joint-500-v1,00001118,7,9,02b328d23580d2d37e85700a0fff2dd403e238aec9d38953109e52602ca129dc
detector-only-joint-500-v1,00001305,7,10,0322a60ba4f28fec885cda454c59e36bb58ee887d79556724d0b843578c9f85e
detector-only-joint-500-v1,00001587,7,11,04a4bbb6edeee7e83b64b8d2053a45ad6e6cd7c68022fd9a930d81721620987d
detector-only-joint-500-v1,00001755,7,12,04d7423210094e32a79b98160bf2c607f1d1a026777c4debd95b2234aca7c5ee
detector-only-joint-500-v1,00001148,7,13,058de55dbb62694eeddd108995143b83b82008c4e6b5f84af01032a509bd180b
detector-only-joint-500-v1,00001752,7,14,05a6013ca8d07a724dac3dec25cc55930862ca6fefa035d0c2f200f6ce4b5f8b
detector-only-joint-500-v1,00001584,7,15,05ae4ee8e087429f0777a9ecd196cf6c7d3621d1771bd5fdad04653469c08789
detector-only-joint-500-v1,00001053,7,16,06537ced98a499a128660073b6502ab4a479ef5b086b0bde2cbdfe4ef5e56d92
detector-only-joint-500-v1,00001636,7,17,06d4e41b34a083f5182867ed43bf0e196489f53bf06b7fbf495e83f2f0d7c672
detector-only-joint-500-v1,00001561,7,18,074230570db6c8a921608c3c8e5fa4ebf0f228124855ef046f28ef7903a57ba3
detector-only-joint-500-v1,00001694,7,19,080c4e998b6bd6bed9d40caa00f06547125e904be887ac9fda0e0b76d9ae7d13
detector-only-joint-500-v1,00001592,7,20,088780ab74fa0bea42a0233400097d9507222955eac67e4b746cf1f96623cd0e
detector-only-joint-500-v1,00001289,7,21,08c01cc5b71968c0e98913d28e4e1a0542941c58b63dcf7978e37ca1b3bfe14f
detector-only-joint-500-v1,00001054,7,22,08faf391a36c69ba16fb0bd467c1bd5ad61297ec8ef9ee155463fa1d4d6397a8
detector-only-joint-500-v1,00001206,7,23,09154c28f546372985c8c57ff5ef598bbe4fac4a7373cd19d72c92dc9cb147a0
detector-only-joint-500-v1,00001555,7,24,09370bae66cb76c0e313f9b2275777da5964576bde418813d51f4cde5ba82780
detector-only-joint-500-v1,00001816,7,25,0ac1b4a12a0faa3f1e95f68d4292683558a24d158f7f8890e953528bcd7f535f
detector-only-joint-500-v1,00001493,7,26,0ba9748ff191316df10442604863621fbf4678a6089f9afb22be6c5c1d829a3c
detector-only-joint-500-v1,00001154,7,27,0bbc66f99bebf16ef3992366f27822160e1df77a2347214fa1542639caf0e77b
detector-only-joint-500-v1,00001769,7,28,0c6048912c05c53bb3be55c266b49f7047d8aa59119775c3731b698f315495fc
detector-only-joint-500-v1,00001288,7,29,0cdc4fcb92c6e8ac7a35af5b9de325dc4cbfef78282b66e31af1b308aae9bfd7
detector-only-joint-500-v1,00001276,7,30,0d14dffdeba4362e538fbfe03a32c877f746239481d4d6642c2274baf9ab6d23
detector-only-joint-500-v1,00001823,7,31,0d317e18b38b12a88e63e21b514f77552d1d050cce2ddbd07de1f1ead921571b
detector-only-joint-500-v1,00001161,7,32,0d80a63c18538e4a5e11dd49e07f1f7e3e778f8e5f49e1d2a350f7791d331371
detector-only-joint-500-v1,00001807,7,33,0de57a236c04ab76a381339b1d29befb993e40505089c7d67fbe6db4cb5d830e
detector-only-joint-500-v1,00001624,7,34,0e26c56b01564dd1f4c2351e04e1ce31ed2908e89a6ade70c35bb609fcab4637
detector-only-joint-500-v1,00001281,7,35,0e7632a90a40c0c646a09dd14f67f3d7066cd2491f2789da5407949fcc0c3056
detector-only-joint-500-v1,00001607,7,36,0e79ccaa992397ab7295665557cc7b8950634b8fc030c926c301ea212a70f0d2
detector-only-joint-500-v1,00001162,7,37,0ec3a600a920cc4601787ec36d4a6a6e1f36786dc5b09a3ec27fc62f2a8159b3
detector-only-joint-500-v1,00001184,7,38,0f607c90572408f260d5ac104dc3ddaa51b0022149267d9b04465fe5b17a958c
detector-only-joint-500-v1,00001826,7,39,0f97f75b98b38f838704c0163277540778cbbd9bfbb49a3d552f7b099bcaaadb
detector-only-joint-500-v1,00001040,7,40,100f3c01e7109e83b10a1d21241a9f8ea2205c4b9a91bb90737ed54763d40281
detector-only-joint-500-v1,00001138,7,41,1049a8a99c5a29c87ea630138f7ea9e2979529032e8f9b834ec1d57f950f788a
detector-only-joint-500-v1,00001371,7,42,10af95dede1dc65e3b2b2909bfd16323a03ff1e2206e541088a5dec989e1063a
detector-only-joint-500-v1,00001477,7,43,10bbe24078bf01512dfc923aeab2bd03632190e37296b62fccd56ae1e25b289f
detector-only-joint-500-v1,00001272,7,44,112579944092984b11df9d643af4924596047f2eadc095b1690ab22d99eb2d3f
detector-only-joint-500-v1,00001318,7,45,1158d1acc0c41942cd2f8f7b7cc2b4a64e1e81dae7d096b4b2eaf945a79fa456
detector-only-joint-500-v1,00001435,7,46,1433a1b0ce4111f3a76aac05a1b7146d61959146c2e1be7e8668f3c0487c9f49
detector-only-joint-500-v1,00001565,7,47,1492d274a053a43fa20854abeb93ee0415bb4906f8060000b98c6db2d9cf7dda
detector-only-joint-500-v1,00001514,7,48,1534533597b43e66d6dcc7df2ee2429476b901b62d4377461822e90680fcc4aa
detector-only-joint-500-v1,00001201,7,49,156c86ce5dd31b169b3770f313edc31d83529008b4cc85b42a535dc2c5593204
detector-only-joint-500-v1,00001386,7,50,16aa5905703a4d7859606292bf537e233c5fe8eb003b502fa43b485e5cb37431
detector-only-joint-500-v1,00001368,8,1,008638608a5376a6dd5599ef213c3fa17fc92c6281242f9e2b0f16daaf1a8b08
detector-only-joint-500-v1,00001360,8,2,00b5e1bc056913706f5d6294dedf7386ecb7860138a74bf7ea939ba349e9ef86
detector-only-joint-500-v1,00001674,8,3,00e7a08a81f2dc2cd93ff815d68cc18e31b6fb50739047e860775d787fd0347d
detector-only-joint-500-v1,00001079,8,4,014148edabdcbdd404701a218d0b75cfe12a18f2594f7e90a0a382f864b2ae67
detector-only-joint-500-v1,00001705,8,5,0162106bdcaf95c87acf857eaa6d08cf912cc5974b8f2e72cb025334a045068a
detector-only-joint-500-v1,00001198,8,6,018fe4f291aa6a21c5ccb4cc0676ca9d92ba25579055a5d7de1ecff3ff1975bd
detector-only-joint-500-v1,00001170,8,7,01f5b5895376de4ea64877fb6c5dabe2505b47253e768aba87c35e9e1b4ac76e
detector-only-joint-500-v1,00001577,8,8,01f5d0fcd3df120d6970c1fd98b5dca88991ebd520a60ce41d688f84e8dbc027
detector-only-joint-500-v1,00001496,8,9,027f6e7a16a05ac5dded7b1813c3696897b43a058404eb84f28770dbec6e6896
detector-only-joint-500-v1,00001014,8,10,029a4a3197144e2283c61a909e8ec9a59fa9026d78b37b58811bbdeaac1469f5
detector-only-joint-500-v1,00001331,8,11,031a21d79a2badd0f8a3c72712abd23d18583fdb0c4816f91ac1165828d9df3a
detector-only-joint-500-v1,00001884,8,12,031bbc204156b7af2ab026b02f1bb2bfa7f102c7e0e66d5dec9c41c7415b61d5
detector-only-joint-500-v1,00001844,8,13,03aac28e6b79b90c5289d8e4c20049b40f92717cdeb757c8a98643175b330597
detector-only-joint-500-v1,00001468,8,14,042ec39bf42709ac30389d138d9a57cacd9f2f8dcd364615eed5429765759869
detector-only-joint-500-v1,00001205,8,15,04668d7b12d7e3c532521754973c5491e9c53e06a30634bbcbdde208e0c01bd6
detector-only-joint-500-v1,00001474,8,16,048cde2ed8f1c50c08e18511336bae8c6584fb3d19008a613769ccaf7d5758a3
detector-only-joint-500-v1,00001730,8,17,06760932aded607ca4e4481de105e5a93fc4f1a4ed27eca41cbaac191c85e96b
detector-only-joint-500-v1,00001569,8,18,06d49a49171501426c0fe86c0fde89956de87ea81d169dd45e0521cbd60b837d
detector-only-joint-500-v1,00001457,8,19,08290a21d9da939a884bf34a519d19a5c58824825dcc6d7bd3de134b9a5b5f1a
detector-only-joint-500-v1,00001163,8,20,0831f2dd9b449cdc826989e3d82fe8594aa209bf36c90d2e3519de5e98ece499
detector-only-joint-500-v1,00001581,8,21,0998cb476c8cb01dd4061aa9bb5256a0e9d8cb4180e991286113cdce69ed16cd
detector-only-joint-500-v1,00001761,8,22,0a5e4dffdb5ffe08f3b36eae03855a24b6be1d65cbdfebca11631c33ec693df3
detector-only-joint-500-v1,00001196,8,23,0a63b36cc9fccd1114d0b0603a210b1e5763f55d9743b73b3e35ac299007c6fa
detector-only-joint-500-v1,00001808,8,24,0a886ce6842d3a3a5212e09f89ddc74ac19490c64f188a2ff575b258c171c9ae
detector-only-joint-500-v1,00001721,8,25,0aa7f66cb9d0803f6bc67ff5430b3fbd2ed686e0765075939c579d989567e999
detector-only-joint-500-v1,00001453,8,26,0b4e673672c38c042829c1836a185235375753271a458be9f518b44a2a693f66
detector-only-joint-500-v1,00001133,8,27,0c16b483e1e3bd8c1320f38b2a7c61ed7f4eed894a5b09f0c490d551b56cc8cb
detector-only-joint-500-v1,00001226,8,28,0c2c0173d4b80de8b3aef1789ea68736e578391b9a4638252aaf048e413f3dee
detector-only-joint-500-v1,00001543,8,29,0c3a910c9faf73b00e9402362c2b0cf77e94b59732f51ab01380b0bec652a617
detector-only-joint-500-v1,00001234,8,30,0c4d0b855bd17ed161e702a36aea396a6579edf3d31b96e84a1548092d56a71b
detector-only-joint-500-v1,00001757,8,31,0d1bae48f20974ddd3a441273ca52b01839648d2aae1100528a864c308881b52
detector-only-joint-500-v1,00001759,8,32,0d96639f824cfa65b339d729feec1af8b9a972cf70ad0abcd34e55f10e3bdfeb
detector-only-joint-500-v1,00001361,8,33,0e030636b5be644fe60d456f0b067f7545d59b44b7b723cae53af5ca5f96b05c
detector-only-joint-500-v1,00001645,8,34,0e63d6e205a3db06adf5f2b1f810a997c9ffaccd46f72364668e4c2f56c8b7e4
detector-only-joint-500-v1,00001086,8,35,0e78862110d6c46b210a7a571bd2e26ee793afd78ad168d84e0655477f1792d4
detector-only-joint-500-v1,00001699,8,36,101fb0966449854001559e55f28a9c89ac6103f131f126e4c1a240b4ca9ebfe7
detector-only-joint-500-v1,00001521,8,37,11744f363c21d1b0b8b9e15547c6b6a98aa520cc3dd4e136c6d53ab2886430b5
detector-only-joint-500-v1,00001167,8,38,12660197f3cd17c96c135944d2113a7c5dc05b8082b4773922b2f6a327554cc9
detector-only-joint-500-v1,00001458,8,39,12a7dd7627ee97dc2ea79f4db165c7d26f02cb3a8b5068e13d862f9d9313d9d9
detector-only-joint-500-v1,00001021,8,40,13b940c3960b5b98bfccb32d897bf0b373f0ffd9154a78fb9921b61c85ad0269
detector-only-joint-500-v1,00001713,8,41,140bb6b94e5aa8a35dfa21930f84a7a87aca5a97af8db91e5b4a16eaced45497
detector-only-joint-500-v1,00001301,8,42,1473090fa8cf60f088fa7aa652225d5ce546ce0d77fbb0643eb2c84998c056b7
detector-only-joint-500-v1,00001280,8,43,1495a31dee3be878910803cb4db3ef9982753b1417214ad1d4befbc21afe6433
detector-only-joint-500-v1,00001436,8,44,159ada02be0e5273b9e9170f980d1a10b6e1279fae1fdc234cf1175212efec26
detector-only-joint-500-v1,00001249,8,45,161594e0317148cc9c41b92a777eed77434d0e7a47dc4cd5275b7e2a836cef68
detector-only-joint-500-v1,00001000,8,46,1620da9d3d967516671b10951d95900ffdac68b602ede31957e6af176e07a7d3
detector-only-joint-500-v1,00001448,8,47,18d5afb914c75abcc23d2ee4776b4c288953bdaa357855d928e33b5115537d24
detector-only-joint-500-v1,00001729,8,48,1b5fe07db48a69bdd7e97e9327a9e0d340cf14c478affa931b7153bb71bf7d89
detector-only-joint-500-v1,00001092,8,49,1d4a4b94c3522837467a16707a67da4829039fe447c695562b71e038349ee7f4
detector-only-joint-500-v1,00001511,8,50,1d589753070123db4d97513f786ecac72cc9de8956ef1dd08731518c6d6758cc
detector-only-joint-500-v1,00001216,9,1,005bc48248af3f9f071f12cb8af721c70abc5f8dc8424fe85334c3aea2d48a96
detector-only-joint-500-v1,00001063,9,2,0197cf34f9f3665d4a50dbf262dcd43e40435b57c8218911d2c68010270fdebc
detector-only-joint-500-v1,00001381,9,3,021e3e06477fc295f14423fb996cbd0f1f101b9c91ac3bfcd2b4fb1a8b35d431
detector-only-joint-500-v1,00001820,9,4,022983498b6870c3d2c2ed2b230c922e9c095135b10e73124f70abd84410b9de
detector-only-joint-500-v1,00001317,9,5,028a0ab60b4c11e7bfee99c903d5f179e3b6c1e9da62aa4a1e259949838f3cab
detector-only-joint-500-v1,00001519,9,6,043d2bb939135200d8a9e5e720cd1f538a2823579f83937bee81a18c1cdba747
detector-only-joint-500-v1,00001384,9,7,0450fe53810dbe2d33afef5cca6c03ce776c91f9adf659861f1eb14b4a4365a2
detector-only-joint-500-v1,00001337,9,8,04a88227c7e67242f1f57d05314c6d00389901848da43e48c364bfbc8f87a709
detector-only-joint-500-v1,00001788,9,9,04d5c97145927f486c49035eb7b8f3c4bd7b423b13fca282cc89f951894e7415
detector-only-joint-500-v1,00001366,9,10,04ea401853d8a72394b747537f850b5bd3cd08a55488bad22f68a9ca4cc2b109
detector-only-joint-500-v1,00001864,9,11,05a7f869239c78cf857addc7ed309acc6b30f20d1cfbd90aa083c704665cda68
detector-only-joint-500-v1,00001185,9,12,05b20ca9cf19c02d035e2ed615bd898af4124cb21a4ab3b8a8a5d4fd5eb8d3dc
detector-only-joint-500-v1,00001279,9,13,060ed416edc0c4fcb5bc9cfad2faf9e8ce8831b26b63e57b45bb762dc891b549
detector-only-joint-500-v1,00001655,9,14,0636da887ecb2842d25a4ab2ae042ab9f5eed48188df5fad912caec3d5d5e229
detector-only-joint-500-v1,00001546,9,15,07e7662a617f404763db7dfd77593f84bc60529300009f14644e55e4827f8227
detector-only-joint-500-v1,00001846,9,16,07fde3d402a0568f9b40cf73d0cafc174e78adb51ffd2c329cd1e4fa01913e14
detector-only-joint-500-v1,00001066,9,17,0876aa69ff7df8f855f0ab0689e15536c26d1a3a20cc983bc3d804f0aea4fda7
detector-only-joint-500-v1,00001145,9,18,0a2d8c7c2ce2037d4c638779babccf8bc8fff49386bbcb264c4c87a7aaac9142
detector-only-joint-500-v1,00001110,9,19,0b5d10d5ae950e005a7a3285240704b9614e801ddf7cb204bde2ca08c4b093d5
detector-only-joint-500-v1,00001050,9,20,0bac996f139ddb6bef3436ec7d2dd06402d9d6c3492d240dfcdf9f845ecb4b39
detector-only-joint-500-v1,00001801,9,21,0be4b7e74c0806df7edf3d2eba338e4bd537cdcc3c9cf27990ef1d7ec67e68cf
detector-only-joint-500-v1,00001440,9,22,0c126396a78af0ef18403ce20028ac0c86fd4d80a0b897d212cc97dca7001891
detector-only-joint-500-v1,00001603,9,23,0c2263e72c8ed84dd8b0f01c8fd8d165a98adb8298f177a79e45e000ee2fc8ce
detector-only-joint-500-v1,00001229,9,24,0c45f4fc03e12407a520e2272d55204ceef00146002e1ebddeb0a65865a3c734
detector-only-joint-500-v1,00001408,9,25,0ca87be1853fdd265f8576d6e102de588a1749cc980458b7f3acbc51cb9b797d
detector-only-joint-500-v1,00001735,9,26,0dc192e9b5fc66803a0ee3a01b658dbeaf378a2c6fc7b378b1cf0d6f65187e28
detector-only-joint-500-v1,00001005,9,27,0e395fa36b92e05e47424f07dc3833c0116f106124f6758483f318439cdc3957
detector-only-joint-500-v1,00001541,9,28,10269d546c6fae157c59286c300f9a905a78df95a17d5d7067704d7a9c738be0
detector-only-joint-500-v1,00001527,9,29,111e539c23c95887a9a8f210bbb49fa528d05be801c4c16628cbec6ef54437e5
detector-only-joint-500-v1,00001039,9,30,113ecea6cf734a2e2f2ee08d38ca6706f6795332ae5487c3dc0a8c772d631290
detector-only-joint-500-v1,00001012,9,31,118b83234441acb8439aa024b6bd2e2ee50f5fb21500c2a13b4c237029a63d44
detector-only-joint-500-v1,00001593,9,32,11948a017ce653562615bb2c812811446342f3bf5bf1cef2726bc666e73356e8
detector-only-joint-500-v1,00001107,9,33,119ee7fb310f5785304ff6eb107de4c3717aedf1a5d81e1d99761c15f0031ed1
detector-only-joint-500-v1,00001181,9,34,125ebed2adc803a108718a0fb9611acbaadf9a5e33d88aa2ca86bb13bcecae9b
detector-only-joint-500-v1,00001886,9,35,12f9037fa0365285456dd10f43229118c8207dee4c188b418015de23586be49c
detector-only-joint-500-v1,00001062,9,36,1322555f21a59f4c29ca3ea7ee82b98379c8c430db23a492f5e8238f482bc769
detector-only-joint-500-v1,00001743,9,37,15e3d50a8e4b5520dd50004ff205aa124e123ce32a77ef5103468584cd4916a7
detector-only-joint-500-v1,00001101,9,38,166b37ee773dddf87dd78b52c5771c42cc81a07dd6ca5bf3a45e795bec7130fb
detector-only-joint-500-v1,00001250,9,39,168f90e9cdeea4fc2d6c9afa6120c22922fb0bd8cf5d02ae0280e68209154ced
detector-only-joint-500-v1,00001483,9,40,16cce6671e514012983ad0a76fd22a9d1e6f894516cc7d982b86fca970293293
detector-only-joint-500-v1,00001105,9,41,16ffee9b19dff824684f7605c5f3b506086e385feeaeeca1d60e70deb13d8ded
detector-only-joint-500-v1,00001732,9,42,1732c686f66dc7c28c796a98f42fc60b5ed45e003075498dc363f686a25f5122
detector-only-joint-500-v1,00001518,9,43,189689b4cf9e6089ae7a706f4b3d6dccafbc06035172d9ed108bc443a8bfa6bd
detector-only-joint-500-v1,00001709,9,44,18a139e0dff19b3123f951c139482f3d31a4a7ff5055ef8d7ccb9e6c7ecd1d36
detector-only-joint-500-v1,00001071,9,45,18cbdcac86520959bd80b9beb2e8aca59c48b9e2287c66063916fb573a9e3c59
detector-only-joint-500-v1,00001046,9,46,1aa29151bc5286234fa403dd35219603b6957d1e65dd3e8ce5374a3c9f13dc8e
detector-only-joint-500-v1,00001739,9,47,1ab824c2add19a4a56eb04b39e6a3a86e00c1ee8f0e715ffdb6cd4fb29ed807c
detector-only-joint-500-v1,00001126,9,48,1ad21300600891db9810be0443f095e70dea3215ce62c6dbb8edf367c6d52ba0
detector-only-joint-500-v1,00001628,9,49,1b17e7194a038d18c4ba098c84f9eaf82793ea4e9ab2e7f36d7ee16ba044492a
detector-only-joint-500-v1,00001297,9,50,1cd994dc758d863b29aea113f3e9395c17d26a4d05c5ee25f7653380c19d5193
detector-only-joint-500-v1,00001252,10,1,0136db350747cbeb2a7c4458386a34bed6450411bf18feae562a301af4e90144
detector-only-joint-500-v1,00001262,10,2,013d49cd15b18746a0ffebaccb526d4bf1f104174faf2c58b383694216b62520
detector-only-joint-500-v1,00001356,10,3,01430ce8f9f5489a48dcf67c97564f672c5a0ec5b8c3e761bc1406f4cdcc92ab
detector-only-joint-500-v1,00001502,10,4,0155d50509dc38409ed4053460f59bc4d6825edcc9cc9bff442c241eb568e49a
detector-only-joint-500-v1,00001069,10,5,0388145b4f5325277d063173bd1dbbeee5de1fa2b67db8260a50fa3f9ba4e180
detector-only-joint-500-v1,00001085,10,6,03b16d484e5505a67138f6f7e78cfab3922d12e23b730947dca3a4c77343ac28
detector-only-joint-500-v1,00001192,10,7,03ea716fc64e52c4fe65d730e6e6e9dea1f4a929f9e941ea030e015894ab38d9
detector-only-joint-500-v1,00001433,10,8,086633ea418b42915c050df0724141f100f842e358f3129b14347139e4c075dc
detector-only-joint-500-v1,00001324,10,9,09584ba3000f2a0a95dfd363ebcd02e4ee98f0150edd88d973a6278bc43f34e8
detector-only-joint-500-v1,00001867,10,10,095d1d7083d2980dbcdd1ebfad25181d5e497619c2cca98abbb5558ad07f668e
detector-only-joint-500-v1,00001074,10,11,09b224a472dd8eb021c59c48558a7b2726d1a59eee989a005300286b4dfb8e1d
detector-only-joint-500-v1,00001672,10,12,0a4d0c17caa5e65acd13f47bdcfe8c91ca798c8e90742930c60c39da17e50419
detector-only-joint-500-v1,00001333,10,13,0ad1ceb90bea4226386660f76b8818566b7377fced0c19024a7e5ece8cc4d0ca
detector-only-joint-500-v1,00001064,10,14,0b35f8ee7a18128a5e43eac3a9366223d17329e14407eeae0667bcb03bf0e231
detector-only-joint-500-v1,00001799,10,15,0b725af46ab24af305b876a44419691d9bad584f1671875fc6a17b5fd6ea2ab5
detector-only-joint-500-v1,00001157,10,16,0c0063a96c4cd1fe4b2e42c1a219fcf80de3821090d225e4b8ea595cf1a46e72
detector-only-joint-500-v1,00001171,10,17,0c127d963c4a8ac50428ebc8cb73e7b9be5a15fc00fc103ffc5c4342def91d79
detector-only-joint-500-v1,00001839,10,18,0d9f5d7cc6797b5441afd8c16289908df8b66531c8b5fdf1fd1a5c5ba4204e15
detector-only-joint-500-v1,00001322,10,19,0dfbf514c1d6753c4a58640a9d1ae571b574f65bb6862ca65232f830e962a178
detector-only-joint-500-v1,00001373,10,20,0e14ef1b4c4319304eddd4b7cfa4d7f3cad8f9663fab8a78614703684ef5a74c
detector-only-joint-500-v1,00001147,10,21,0e8e08b1936a69395e83ec5e3c4fd9f5c0bf821be3395485578c78759de46b15
detector-only-joint-500-v1,00001591,10,22,0f298e54b77c1e6f7836d679726f63ee2b809a9f79e937545c9a6f7401d01146
detector-only-joint-500-v1,00001188,10,23,10020708e768c4f0f4546e8c7248504b31bfe82f21f89a1b139a48e5bf7c5eb7
detector-only-joint-500-v1,00001125,10,24,104c62ba9072001c650fd1aa5107da8d8f36b1219cbad0c269775865fc3debf9
detector-only-joint-500-v1,00001572,10,25,12691901fc1c85253e494a1f569e15fabe5c38bd0a51284b166a1eb6bffea4c5
detector-only-joint-500-v1,00001169,10,26,1294a4120eda083923fdca7a10ee4ab8a4f7f9d735120bd4542a34b7ac1b7948
detector-only-joint-500-v1,00001199,10,27,12ceab8c43e9495b918eb17ed37b4e9e1e5581a31f48a2fb549b874e78fc569c
detector-only-joint-500-v1,00001131,10,28,12e2b962a5febf943006ffb087110463e99eb7e8f3faafcab1aa3d54293ce6f6
detector-only-joint-500-v1,00001222,10,29,137449994f4cee46a0e3fbae137915d098706c8ceecc4d63dda662bcf27f003a
detector-only-joint-500-v1,00001213,10,30,1383c4ca8df4d9ed2cfaf9e1abe6f8df76fa89f1ced695bc719e4ca28c92aade
detector-only-joint-500-v1,00001255,10,31,13923c242fb702b1ea6a5d3a193e0ff66fca34563d73e66c21487672bebfb0c9
detector-only-joint-500-v1,00001057,10,32,13dc25e6ce8d8fdc1de0342c0958e446597088796ba67b47332623305e0ef74f
detector-only-joint-500-v1,00001618,10,33,14ac49205997db88be839ea850d6115bed96def82fbb7ef7e37cc6b3dc17581f
detector-only-joint-500-v1,00001693,10,34,1553ba876d3537bde488cb84a52d789b868ecc2dbdecb699d44a9b757cea588c
detector-only-joint-500-v1,00001001,10,35,15f234d615583a2f5a5a751afda535ffde564860d13c0a4e1f42b38e1faacc36
detector-only-joint-500-v1,00001330,10,36,17223625352eb7d9ff1ef466f8a8aa2ca19029ef964dadd1dc917abd6a65e391
detector-only-joint-500-v1,00001268,10,37,175449f12426ae54b75d0716cda914ffe223c0e7bda8c10b5b8a0a87d483b398
detector-only-joint-500-v1,00001343,10,38,17d8493894fd844e336e55c480fdcb589998e540c4a07368d712eb1c0c13d2da
detector-only-joint-500-v1,00001616,10,39,18722a9e1d705f5a65b6193203a297448e683becfcfaca86f00d7fc237bfb9a2
detector-only-joint-500-v1,00001017,10,40,187305b79cc1a7d58dc0b1fbb94ad05d15d01c36f6cf9d94752d4892ae48f21f
detector-only-joint-500-v1,00001379,10,41,188c687c41c42af7f1666676c5e56461655ac978e8189d4813766c7531dc868e
detector-only-joint-500-v1,00001316,10,42,192bd853026f72e169662dde29b1a35a4499b48fe31aeb5c473f1c0fa6dcdfdd
detector-only-joint-500-v1,00001629,10,43,19474755d2ccae575d4a818d7f2d91fb62dbcf71aab003bdd2c1d3858e9c6b71
detector-only-joint-500-v1,00001220,10,44,19ed785c2373970f1a20decfbb54ad74cd54a30461cad815e72a45d0bc6ee01e
detector-only-joint-500-v1,00001781,10,45,1ab574eee1184a7e9334ff94592ec77780712e1a6303a0b419edb385402b9a4e
detector-only-joint-500-v1,00001467,10,46,1c0a4e240f95d2b0e497449038fd1b2ba9bbd89ac14a8ea2380cf8c56c367ac2
detector-only-joint-500-v1,00001328,10,47,1ca6bbaee15ae97a3c539496054d01e92cc81c5aa17f6dcc00dc7a9585088b9a
detector-only-joint-500-v1,00001832,10,48,1ccc81aaeed69beddcc8060d718f9df18e7929a82c24c35b44c222cc5c2cde9f
detector-only-joint-500-v1,00001232,10,49,1d52294ad3670825fb2da64d1f895e80fa554104e70c811008dd5f10e732b848
detector-only-joint-500-v1,00001845,10,50,1d7021f36ca7524c9c58a5cf95b1bf8cdbd07865a457b490d476037835742efc
