selection_index,subject_id,canonical_finger_position,plain_self_pair_id,plain_self_status,plain_self_raw_score,plain_self_accepted,roll_self_pair_id,roll_self_status,roll_self_raw_score,roll_self_accepted
1,00001000,1,sd300c_plain_self_00001000_01,ok,3000.0,true,sd300c_roll_self_00001000_01,ok,3000.0,true
2,00001000,2,sd300c_plain_self_00001000_02,ok,3000.0,true,sd300c_roll_self_00001000_02,ok,3000.0,true
3,00001000,3,sd300c_plain_self_00001000_03,ok,3000.0,true,sd300c_roll_self_00001000_03,ok,3000.0,true
4,00001000,4,sd300c_plain_self_00001000_04,ok,3000.0,true,sd300c_roll_self_00001000_04,ok,3000.0,true
5,00001000,5,sd300c_plain_self_00001000_05,ok,3000.0,true,sd300c_roll_self_00001000_05,ok,3000.0,true
6,00001000,6,sd300c_plain_self_00001000_06,ok,3000.0,true,sd300c_roll_self_00001000_06,ok,3000.0,true
7,00001000,7,sd300c_plain_self_00001000_07,ok,3000.0,true,sd300c_roll_self_00001000_07,ok,3000.0,true
8,00001000,8,sd300c_plain_self_00001000_08,ok,3000.0,true,sd300c_roll_self_00001000_08,ok,3000.0,true
9,00001000,9,sd300c_plain_self_00001000_09,ok,3000.0,true,sd300c_roll_self_00001000_09,ok,3000.0,true
10,00001000,10,sd300c_plain_self_00001000_10,ok,3000.0,true,sd300c_roll_self_00001000_10,ok,3000.0,true
11,00001001,2,sd300c_plain_self_00001001_02,ok,3000.0,true,sd300c_roll_self_00001001_02,ok,3000.0,true
12,00001001,3,sd300c_plain_self_00001001_03,ok,3000.0,true,sd300c_roll_self_00001001_03,ok,3000.0,true
13,00001001,4,sd300c_plain_self_00001001_04,ok,3000.0,true,sd300c_roll_self_00001001_04,ok,3000.0,true
14,00001001,5,sd300c_plain_self_00001001_05,ok,3000.0,true,sd300c_roll_self_00001001_05,ok,3000.0,true
15,00001001,7,sd300c_plain_self_00001001_07,ok,3000.0,true,sd300c_roll_self_00001001_07,ok,3000.0,true
16,00001001,8,sd300c_plain_self_00001001_08,ok,3000.0,true,sd300c_roll_self_00001001_08,ok,3000.0,true
17,00001001,9,sd300c_plain_self_00001001_09,ok,3000.0,true,sd300c_roll_self_00001001_09,ok,3000.0,true
18,00001001,10,sd300c_plain_self_00001001_10,ok,3000.0,true,sd300c_roll_self_00001001_10,ok,3000.0,true
19,00001002,1,sd300c_plain_self_00001002_01,ok,3000.0,true,sd300c_roll_self_00001002_01,ok,3000.0,true
20,00001002,2,sd300c_plain_self_00001002_02,ok,3000.0,true,sd300c_roll_self_00001002_02,ok,3000.0,true
21,00001002,3,sd300c_plain_self_00001002_03,ok,3000.0,true,sd300c_roll_self_00001002_03,ok,3000.0,true
22,00001002,4,sd300c_plain_self_00001002_04,ok,3000.0,true,sd300c_roll_self_00001002_04,ok,3000.0,true
23,00001002,5,sd300c_plain_self_00001002_05,ok,3000.0,true,sd300c_roll_self_00001002_05,ok,3000.0,true
24,00001002,6,sd300c_plain_self_00001002_06,ok,3000.0,true,sd300c_roll_self_00001002_06,ok,3000.0,true
25,00001002,7,sd300c_plain_self_00001002_07,ok,3000.0,true,sd300c_roll_self_00001002_07,ok,3000.0,true
26,00001002,8,sd300c_plain_self_00001002_08,ok,3000.0,true,sd300c_roll_self_00001002_08,ok,3000.0,true
27,00001002,9,sd300c_plain_self_00001002_09,ok,3000.0,true,sd300c_roll_self_00001002_09,ok,3000.0,true
28,00001002,10,sd300c_plain_self_00001002_10,ok,3000.0,true,sd300c_roll_self_00001002_10,ok,3000.0,true
29,00001003,1,sd300c_plain_self_00001003_01,ok,3000.0,true,sd300c_roll_self_00001003_01,ok,3000.0,true
30,00001003,2,sd300c_plain_self_00001003_02,ok,3000.0,true,sd300c_roll_self_00001003_02,ok,3000.0,true
31,00001003,3,sd300c_plain_self_00001003_03,ok,3000.0,true,sd300c_roll_self_00001003_03,ok,3000.0,true
32,00001003,4,sd300c_plain_self_00001003_04,ok,3000.0,true,sd300c_roll_self_00001003_04,ok,3000.0,true
33,00001003,5,sd300c_plain_self_00001003_05,ok,3000.0,true,sd300c_roll_self_00001003_05,ok,3000.0,true
34,00001003,6,sd300c_plain_self_00001003_06,ok,3000.0,true,sd300c_roll_self_00001003_06,ok,3000.0,true
35,00001003,7,sd300c_plain_self_00001003_07,ok,3000.0,true,sd300c_roll_self_00001003_07,ok,3000.0,true
36,00001003,8,sd300c_plain_self_00001003_08,ok,3000.0,true,sd300c_roll_self_00001003_08,ok,3000.0,true
37,00001003,9,sd300c_plain_self_00001003_09,ok,3000.0,true,sd300c_roll_self_00001003_09,ok,3000.0,true
38,00001003,10,sd300c_plain_self_00001003_10,ok,3000.0,true,sd300c_roll_self_00001003_10,ok,3000.0,true
39,00001004,1,sd300c_plain_self_00001004_01,ok,3000.0,true,sd300c_roll_self_00001004_01,ok,3000.0,true
40,00001004,2,sd300c_plain_self_00001004_02,ok,3000.0,true,sd300c_roll_self_00001004_02,ok,3000.0,true
41,00001004,3,sd300c_plain_self_00001004_03,ok,3000.0,true,sd300c_roll_self_00001004_03,ok,3000.0,true
42,00001004,4,sd300c_plain_self_00001004_04,ok,3000.0,true,sd300c_roll_self_00001004_04,ok,3000.0,true
43,00001004,5,sd300c_plain_self_00001004_05,ok,3000.0,true,sd300c_roll_self_00001004_05,ok,3000.0,true
44,00001004,6,sd300c_plain_self_00001004_06,ok,3000.0,true,sd300c_roll_self_00001004_06,ok,3000.0,true
45,00001004,7,sd300c_plain_self_00001004_07,ok,3000.0,true,sd300c_roll_self_00001004_07,ok,3000.0,true
46,00001004,8,sd300c_plain_self_00001004_08,ok,3000.0,true,sd300c_roll_self_00001004_08,ok,3000.0,true
47,00001004,9,sd300c_plain_self_00001004_09,ok,3000.0,true,sd300c_roll_self_00001004_09,ok,3000.0,true
48,00001004,10,sd300c_plain_self_00001004_10,ok,3000.0,true,sd300c_roll_self_00001004_10,ok,3000.0,true
49,00001005,1,sd300c_plain_self_00001005_01,ok,3000.0,true,sd300c_roll_self_00001005_01,ok,3000.0,true
50,00001005,4,sd300c_plain_self_00001005_04,ok,3000.0,true,sd300c_roll_self_00001005_04,ok,3000.0,true
51,00001005,5,sd300c_plain_self_00001005_05,ok,3000.0,true,sd300c_roll_self_00001005_05,ok,3000.0,true
52,00001005,6,sd300c_plain_self_00001005_06,ok,3000.0,true,sd300c_roll_self_00001005_06,ok,3000.0,true
53,00001005,7,sd300c_plain_self_00001005_07,ok,3000.0,true,sd300c_roll_self_00001005_07,ok,3000.0,true
54,00001005,8,sd300c_plain_self_00001005_08,ok,3000.0,true,sd300c_roll_self_00001005_08,ok,3000.0,true
55,00001005,9,sd300c_plain_self_00001005_09,ok,3000.0,true,sd300c_roll_self_00001005_09,ok,3000.0,true
56,00001005,10,sd300c_plain_self_00001005_10,ok,3000.0,true,sd300c_roll_self_00001005_10,ok,3000.0,true
57,00001006,1,sd300c_plain_self_00001006_01,ok,3000.0,true,sd300c_roll_self_00001006_01,ok,3000.0,true
58,00001006,2,sd300c_plain_self_00001006_02,ok,3000.0,true,sd300c_roll_self_00001006_02,ok,3000.0,true
59,00001006,3,sd300c_plain_self_00001006_03,ok,3000.0,true,sd300c_roll_self_00001006_03,ok,3000.0,true
60,00001006,4,sd300c_plain_self_00001006_04,ok,3000.0,true,sd300c_roll_self_00001006_04,ok,3000.0,true
61,00001006,5,sd300c_plain_self_00001006_05,ok,3000.0,true,sd300c_roll_self_00001006_05,ok,3000.0,true
62,00001006,6,sd300c_plain_self_00001006_06,ok,3000.0,true,sd300c_roll_self_00001006_06,ok,3000.0,true
63,00001006,7,sd300c_plain_self_00001006_07,ok,3000.0,true,sd300c_roll_self_00001006_07,ok,3000.0,true
64,00001006,8,sd300c_plain_self_00001006_08,ok,3000.0,true,sd300c_roll_self_00001006_08,ok,3000.0,true
65,00001006,9,sd300c_plain_self_00001006_09,ok,3000.0,true,sd300c_roll_self_00001006_09,ok,3000.0,true
66,00001006,10,sd300c_plain_self_00001006_10,ok,3000.0,true,sd300c_roll_self_00001006_10,ok,3000.0,true
67,00001007,1,sd300c_plain_self_00001007_01,ok,3000.0,true,sd300c_roll_self_00001007_01,ok,3000.0,true
68,00001007,2,sd300c_plain_self_00001007_02,ok,3000.0,true,sd300c_roll_self_00001007_02,ok,3000.0,true
69,00001007,3,sd300c_plain_self_00001007_03,ok,3000.0,true,sd300c_roll_self_00001007_03,ok,3000.0,true
70,00001007,4,sd300c_plain_self_00001007_04,ok,3000.0,true,sd300c_roll_self_00001007_04,ok,3000.0,true
71,00001007,5,sd300c_plain_self_00001007_05,ok,3000.0,true,sd300c_roll_self_00001007_05,ok,3000.0,true
72,00001007,6,sd300c_plain_self_00001007_06,ok,3000.0,true,sd300c_roll_self_00001007_06,ok,3000.0,true
73,00001007,7,sd300c_plain_self_00001007_07,ok,3000.0,true,sd300c_roll_self_00001007_07,ok,3000.0,true
74,00001007,8,sd300c_plain_self_00001007_08,ok,3000.0,true,sd300c_roll_self_00001007_08,ok,3000.0,true
75,00001007,9,sd300c_plain_self_00001007_09,ok,3000.0,true,sd300c_roll_self_00001007_09,ok,3000.0,true
76,00001007,10,sd300c_plain_self_00001007_10,ok,3000.0,true,sd300c_roll_self_00001007_10,ok,3000.0,true
77,00001008,1,sd300c_plain_self_00001008_01,ok,3000.0,true,sd300c_roll_self_00001008_01,ok,3000.0,true
78,00001008,2,sd300c_plain_self_00001008_02,ok,3000.0,true,sd300c_roll_self_00001008_02,ok,3000.0,true
79,00001008,3,sd300c_plain_self_00001008_03,ok,3000.0,true,sd300c_roll_self_00001008_03,ok,3000.0,true
80,00001008,4,sd300c_plain_self_00001008_04,ok,3000.0,true,sd300c_roll_self_00001008_04,ok,3000.0,true
81,00001008,5,sd300c_plain_self_00001008_05,ok,3000.0,true,sd300c_roll_self_00001008_05,ok,3000.0,true
82,00001008,6,sd300c_plain_self_00001008_06,ok,3000.0,true,sd300c_roll_self_00001008_06,ok,3000.0,true
83,00001008,7,sd300c_plain_self_00001008_07,ok,3000.0,true,sd300c_roll_self_00001008_07,ok,3000.0,true
84,00001008,8,sd300c_plain_self_00001008_08,ok,3000.0,true,sd300c_roll_self_00001008_08,ok,3000.0,true
85,00001008,9,sd300c_plain_self_00001008_09,ok,3000.0,true,sd300c_roll_self_00001008_09,ok,3000.0,true
86,00001008,10,sd300c_plain_self_00001008_10,ok,3000.0,true,sd300c_roll_self_00001008_10,ok,3000.0,true
87,00001009,1,sd300c_plain_self_00001009_01,ok,3000.0,true,sd300c_roll_self_00001009_01,ok,3000.0,true
88,00001009,2,sd300c_plain_self_00001009_02,ok,3000.0,true,sd300c_roll_self_00001009_02,ok,3000.0,true
89,00001009,3,sd300c_plain_self_00001009_03,ok,3000.0,true,sd300c_roll_self_00001009_03,ok,3000.0,true
90,00001009,4,sd300c_plain_self_00001009_04,ok,3000.0,true,sd300c_roll_self_00001009_04,ok,3000.0,true
91,00001009,5,sd300c_plain_self_00001009_05,ok,3000.0,true,sd300c_roll_self_00001009_05,ok,3000.0,true
92,00001009,6,sd300c_plain_self_00001009_06,ok,3000.0,true,sd300c_roll_self_00001009_06,ok,3000.0,true
93,00001009,7,sd300c_plain_self_00001009_07,ok,3000.0,true,sd300c_roll_self_00001009_07,ok,3000.0,true
94,00001009,8,sd300c_plain_self_00001009_08,ok,3000.0,true,sd300c_roll_self_00001009_08,ok,3000.0,true
95,00001009,9,sd300c_plain_self_00001009_09,ok,3000.0,true,sd300c_roll_self_00001009_09,ok,3000.0,true
96,00001009,10,sd300c_plain_self_00001009_10,ok,3000.0,true,sd300c_roll_self_00001009_10,ok,3000.0,true
97,00001010,1,sd300c_plain_self_00001010_01,ok,3000.0,true,sd300c_roll_self_00001010_01,ok,3000.0,true
98,00001010,2,sd300c_plain_self_00001010_02,ok,3000.0,true,sd300c_roll_self_00001010_02,ok,3000.0,true
99,00001010,3,sd300c_plain_self_00001010_03,ok,3000.0,true,sd300c_roll_self_00001010_03,ok,3000.0,true
100,00001010,4,sd300c_plain_self_00001010_04,ok,3000.0,true,sd300c_roll_self_00001010_04,ok,3000.0,true
101,00001010,5,sd300c_plain_self_00001010_05,ok,3000.0,true,sd300c_roll_self_00001010_05,ok,3000.0,true
102,00001010,6,sd300c_plain_self_00001010_06,ok,3000.0,true,sd300c_roll_self_00001010_06,ok,3000.0,true
103,00001010,7,sd300c_plain_self_00001010_07,ok,3000.0,true,sd300c_roll_self_00001010_07,ok,3000.0,true
104,00001010,8,sd300c_plain_self_00001010_08,ok,3000.0,true,sd300c_roll_self_00001010_08,ok,3000.0,true
105,00001010,9,sd300c_plain_self_00001010_09,ok,3000.0,true,sd300c_roll_self_00001010_09,ok,3000.0,true
106,00001010,10,sd300c_plain_self_00001010_10,ok,3000.0,true,sd300c_roll_self_00001010_10,ok,3000.0,true
107,00001011,1,sd300c_plain_self_00001011_01,ok,3000.0,true,sd300c_roll_self_00001011_01,ok,3000.0,true
108,00001011,2,sd300c_plain_self_00001011_02,ok,3000.0,true,sd300c_roll_self_00001011_02,ok,3000.0,true
109,00001011,3,sd300c_plain_self_00001011_03,ok,3000.0,true,sd300c_roll_self_00001011_03,ok,3000.0,true
110,00001011,4,sd300c_plain_self_00001011_04,ok,3000.0,true,sd300c_roll_self_00001011_04,ok,3000.0,true
111,00001011,5,sd300c_plain_self_00001011_05,ok,3000.0,true,sd300c_roll_self_00001011_05,ok,3000.0,true
112,00001011,6,sd300c_plain_self_00001011_06,ok,3000.0,true,sd300c_roll_self_00001011_06,ok,3000.0,true
113,00001011,7,sd300c_plain_self_00001011_07,ok,3000.0,true,sd300c_roll_self_00001011_07,ok,3000.0,true
114,00001011,8,sd300c_plain_self_00001011_08,ok,3000.0,true,sd300c_roll_self_00001011_08,ok,3000.0,true
115,00001011,9,sd300c_plain_self_00001011_09,ok,3000.0,true,sd300c_roll_self_00001011_09,ok,3000.0,true
116,00001011,10,sd300c_plain_self_00001011_10,ok,3000.0,true,sd300c_roll_self_00001011_10,ok,3000.0,true
117,00001012,1,sd300c_plain_self_00001012_01,ok,3000.0,true,sd300c_roll_self_00001012_01,ok,3000.0,true
118,00001012,2,sd300c_plain_self_00001012_02,ok,3000.0,true,sd300c_roll_self_00001012_02,ok,3000.0,true
119,00001012,3,sd300c_plain_self_00001012_03,ok,3000.0,true,sd300c_roll_self_00001012_03,ok,3000.0,true
120,00001012,4,sd300c_plain_self_00001012_04,ok,3000.0,true,sd300c_roll_self_00001012_04,ok,3000.0,true
121,00001012,5,sd300c_plain_self_00001012_05,ok,3000.0,true,sd300c_roll_self_00001012_05,ok,3000.0,true
122,00001012,6,sd300c_plain_self_00001012_06,ok,3000.0,true,sd300c_roll_self_00001012_06,ok,3000.0,true
123,00001012,7,sd300c_plain_self_00001012_07,ok,3000.0,true,sd300c_roll_self_00001012_07,ok,3000.0,true
124,00001012,8,sd300c_plain_self_00001012_08,ok,3000.0,true,sd300c_roll_self_00001012_08,ok,3000.0,true
125,00001012,9,sd300c_plain_self_00001012_09,ok,3000.0,true,sd300c_roll_self_00001012_09,ok,3000.0,true
126,00001012,10,sd300c_plain_self_00001012_10,ok,3000.0,true,sd300c_roll_self_00001012_10,ok,3000.0,true
127,00001013,1,sd300c_plain_self_00001013_01,ok,3000.0,true,sd300c_roll_self_00001013_01,ok,3000.0,true
128,00001013,2,sd300c_plain_self_00001013_02,ok,3000.0,true,sd300c_roll_self_00001013_02,ok,3000.0,true
129,00001013,3,sd300c_plain_self_00001013_03,ok,3000.0,true,sd300c_roll_self_00001013_03,ok,3000.0,true
130,00001013,4,sd300c_plain_self_00001013_04,ok,3000.0,true,sd300c_roll_self_00001013_04,ok,3000.0,true
131,00001013,5,sd300c_plain_self_00001013_05,ok,3000.0,true,sd300c_roll_self_00001013_05,ok,3000.0,true
132,00001013,6,sd300c_plain_self_00001013_06,ok,3000.0,true,sd300c_roll_self_00001013_06,ok,3000.0,true
133,00001013,7,sd300c_plain_self_00001013_07,ok,3000.0,true,sd300c_roll_self_00001013_07,ok,3000.0,true
134,00001013,8,sd300c_plain_self_00001013_08,ok,3000.0,true,sd300c_roll_self_00001013_08,ok,3000.0,true
135,00001013,9,sd300c_plain_self_00001013_09,ok,3000.0,true,sd300c_roll_self_00001013_09,ok,3000.0,true
136,00001013,10,sd300c_plain_self_00001013_10,ok,3000.0,true,sd300c_roll_self_00001013_10,ok,3000.0,true
137,00001014,1,sd300c_plain_self_00001014_01,ok,3000.0,true,sd300c_roll_self_00001014_01,ok,3000.0,true
138,00001014,2,sd300c_plain_self_00001014_02,ok,3000.0,true,sd300c_roll_self_00001014_02,ok,3000.0,true
139,00001014,3,sd300c_plain_self_00001014_03,ok,3000.0,true,sd300c_roll_self_00001014_03,ok,3000.0,true
140,00001014,4,sd300c_plain_self_00001014_04,ok,3000.0,true,sd300c_roll_self_00001014_04,ok,3000.0,true
141,00001014,5,sd300c_plain_self_00001014_05,ok,3000.0,true,sd300c_roll_self_00001014_05,ok,3000.0,true
142,00001014,6,sd300c_plain_self_00001014_06,ok,3000.0,true,sd300c_roll_self_00001014_06,ok,3000.0,true
143,00001014,7,sd300c_plain_self_00001014_07,ok,3000.0,true,sd300c_roll_self_00001014_07,ok,3000.0,true
144,00001014,8,sd300c_plain_self_00001014_08,ok,3000.0,true,sd300c_roll_self_00001014_08,ok,3000.0,true
145,00001014,9,sd300c_plain_self_00001014_09,ok,3000.0,true,sd300c_roll_self_00001014_09,ok,3000.0,true
146,00001014,10,sd300c_plain_self_00001014_10,ok,3000.0,true,sd300c_roll_self_00001014_10,ok,3000.0,true
147,00001015,1,sd300c_plain_self_00001015_01,ok,3000.0,true,sd300c_roll_self_00001015_01,ok,3000.0,true
148,00001015,2,sd300c_plain_self_00001015_02,ok,3000.0,true,sd300c_roll_self_00001015_02,ok,3000.0,true
149,00001015,3,sd300c_plain_self_00001015_03,ok,3000.0,true,sd300c_roll_self_00001015_03,ok,3000.0,true
150,00001015,4,sd300c_plain_self_00001015_04,ok,3000.0,true,sd300c_roll_self_00001015_04,ok,3000.0,true
151,00001015,5,sd300c_plain_self_00001015_05,ok,3000.0,true,sd300c_roll_self_00001015_05,ok,3000.0,true
152,00001015,6,sd300c_plain_self_00001015_06,ok,3000.0,true,sd300c_roll_self_00001015_06,ok,3000.0,true
153,00001015,7,sd300c_plain_self_00001015_07,ok,3000.0,true,sd300c_roll_self_00001015_07,ok,3000.0,true
154,00001015,8,sd300c_plain_self_00001015_08,ok,3000.0,true,sd300c_roll_self_00001015_08,ok,3000.0,true
155,00001015,9,sd300c_plain_self_00001015_09,ok,3000.0,true,sd300c_roll_self_00001015_09,ok,3000.0,true
156,00001015,10,sd300c_plain_self_00001015_10,ok,3000.0,true,sd300c_roll_self_00001015_10,ok,3000.0,true
157,00001016,1,sd300c_plain_self_00001016_01,ok,3000.0,true,sd300c_roll_self_00001016_01,ok,3000.0,true
158,00001016,2,sd300c_plain_self_00001016_02,ok,3000.0,true,sd300c_roll_self_00001016_02,ok,3000.0,true
159,00001016,3,sd300c_plain_self_00001016_03,ok,3000.0,true,sd300c_roll_self_00001016_03,ok,3000.0,true
160,00001016,4,sd300c_plain_self_00001016_04,ok,3000.0,true,sd300c_roll_self_00001016_04,ok,3000.0,true
161,00001016,5,sd300c_plain_self_00001016_05,ok,3000.0,true,sd300c_roll_self_00001016_05,ok,3000.0,true
162,00001016,6,sd300c_plain_self_00001016_06,ok,3000.0,true,sd300c_roll_self_00001016_06,ok,3000.0,true
163,00001016,7,sd300c_plain_self_00001016_07,ok,3000.0,true,sd300c_roll_self_00001016_07,ok,3000.0,true
164,00001016,8,sd300c_plain_self_00001016_08,ok,3000.0,true,sd300c_roll_self_00001016_08,ok,3000.0,true
165,00001016,9,sd300c_plain_self_00001016_09,ok,3000.0,true,sd300c_roll_self_00001016_09,ok,3000.0,true
166,00001016,10,sd300c_plain_self_00001016_10,ok,3000.0,true,sd300c_roll_self_00001016_10,ok,3000.0,true
167,00001017,1,sd300c_plain_self_00001017_01,ok,3000.0,true,sd300c_roll_self_00001017_01,ok,3000.0,true
168,00001017,2,sd300c_plain_self_00001017_02,ok,3000.0,true,sd300c_roll_self_00001017_02,ok,3000.0,true
169,00001017,3,sd300c_plain_self_00001017_03,ok,3000.0,true,sd300c_roll_self_00001017_03,ok,3000.0,true
170,00001017,4,sd300c_plain_self_00001017_04,ok,3000.0,true,sd300c_roll_self_00001017_04,ok,3000.0,true
171,00001017,5,sd300c_plain_self_00001017_05,ok,3000.0,true,sd300c_roll_self_00001017_05,ok,3000.0,true
172,00001017,6,sd300c_plain_self_00001017_06,ok,3000.0,true,sd300c_roll_self_00001017_06,ok,3000.0,true
173,00001017,7,sd300c_plain_self_00001017_07,ok,3000.0,true,sd300c_roll_self_00001017_07,ok,3000.0,true
174,00001017,8,sd300c_plain_self_00001017_08,ok,3000.0,true,sd300c_roll_self_00001017_08,ok,3000.0,true
175,00001017,9,sd300c_plain_self_00001017_09,ok,3000.0,true,sd300c_roll_self_00001017_09,ok,3000.0,true
176,00001017,10,sd300c_plain_self_00001017_10,ok,3000.0,true,sd300c_roll_self_00001017_10,ok,3000.0,true
177,00001018,1,sd300c_plain_self_00001018_01,ok,3000.0,true,sd300c_roll_self_00001018_01,ok,3000.0,true
178,00001018,2,sd300c_plain_self_00001018_02,ok,3000.0,true,sd300c_roll_self_00001018_02,ok,3000.0,true
179,00001018,3,sd300c_plain_self_00001018_03,ok,3000.0,true,sd300c_roll_self_00001018_03,ok,3000.0,true
180,00001018,4,sd300c_plain_self_00001018_04,ok,3000.0,true,sd300c_roll_self_00001018_04,ok,3000.0,true
181,00001018,5,sd300c_plain_self_00001018_05,ok,3000.0,true,sd300c_roll_self_00001018_05,ok,3000.0,true
182,00001018,6,sd300c_plain_self_00001018_06,ok,3000.0,true,sd300c_roll_self_00001018_06,ok,3000.0,true
183,00001018,7,sd300c_plain_self_00001018_07,ok,3000.0,true,sd300c_roll_self_00001018_07,ok,3000.0,true
184,00001018,8,sd300c_plain_self_00001018_08,ok,3000.0,true,sd300c_roll_self_00001018_08,ok,3000.0,true
185,00001018,9,sd300c_plain_self_00001018_09,ok,3000.0,true,sd300c_roll_self_00001018_09,ok,3000.0,true
186,00001018,10,sd300c_plain_self_00001018_10,ok,3000.0,true,sd300c_roll_self_00001018_10,ok,3000.0,true
187,00001019,1,sd300c_plain_self_00001019_01,ok,3000.0,true,sd300c_roll_self_00001019_01,ok,3000.0,true
188,00001019,2,sd300c_plain_self_00001019_02,ok,3000.0,true,sd300c_roll_self_00001019_02,ok,3000.0,true
189,00001019,3,sd300c_plain_self_00001019_03,ok,3000.0,true,sd300c_roll_self_00001019_03,ok,3000.0,true
190,00001019,4,sd300c_plain_self_00001019_04,ok,3000.0,true,sd300c_roll_self_00001019_04,ok,3000.0,true
191,00001019,6,sd300c_plain_self_00001019_06,ok,3000.0,true,sd300c_roll_self_00001019_06,ok,3000.0,true
192,00001019,8,sd300c_plain_self_00001019_08,ok,3000.0,true,sd300c_roll_self_00001019_08,ok,3000.0,true
193,00001019,9,sd300c_plain_self_00001019_09,ok,3000.0,true,sd300c_roll_self_00001019_09,ok,3000.0,true
194,00001020,1,sd300c_plain_self_00001020_01,ok,3000.0,true,sd300c_roll_self_00001020_01,ok,3000.0,true
195,00001020,2,sd300c_plain_self_00001020_02,ok,3000.0,true,sd300c_roll_self_00001020_02,ok,3000.0,true
196,00001020,3,sd300c_plain_self_00001020_03,ok,3000.0,true,sd300c_roll_self_00001020_03,ok,3000.0,true
197,00001020,4,sd300c_plain_self_00001020_04,ok,3000.0,true,sd300c_roll_self_00001020_04,ok,3000.0,true
198,00001020,5,sd300c_plain_self_00001020_05,ok,3000.0,true,sd300c_roll_self_00001020_05,ok,3000.0,true
199,00001020,6,sd300c_plain_self_00001020_06,ok,3000.0,true,sd300c_roll_self_00001020_06,ok,3000.0,true
200,00001020,7,sd300c_plain_self_00001020_07,ok,3000.0,true,sd300c_roll_self_00001020_07,ok,3000.0,true
201,00001020,8,sd300c_plain_self_00001020_08,ok,3000.0,true,sd300c_roll_self_00001020_08,ok,3000.0,true
202,00001020,9,sd300c_plain_self_00001020_09,ok,3000.0,true,sd300c_roll_self_00001020_09,ok,3000.0,true
203,00001020,10,sd300c_plain_self_00001020_10,ok,3000.0,true,sd300c_roll_self_00001020_10,ok,3000.0,true
204,00001021,1,sd300c_plain_self_00001021_01,ok,3000.0,true,sd300c_roll_self_00001021_01,ok,3000.0,true
205,00001021,2,sd300c_plain_self_00001021_02,ok,3000.0,true,sd300c_roll_self_00001021_02,ok,3000.0,true
206,00001021,3,sd300c_plain_self_00001021_03,ok,3000.0,true,sd300c_roll_self_00001021_03,ok,3000.0,true
207,00001021,4,sd300c_plain_self_00001021_04,ok,3000.0,true,sd300c_roll_self_00001021_04,ok,3000.0,true
208,00001021,6,sd300c_plain_self_00001021_06,ok,3000.0,true,sd300c_roll_self_00001021_06,ok,3000.0,true
209,00001021,7,sd300c_plain_self_00001021_07,ok,3000.0,true,sd300c_roll_self_00001021_07,ok,3000.0,true
210,00001021,8,sd300c_plain_self_00001021_08,ok,3000.0,true,sd300c_roll_self_00001021_08,ok,3000.0,true
211,00001021,9,sd300c_plain_self_00001021_09,ok,3000.0,true,sd300c_roll_self_00001021_09,ok,3000.0,true
212,00001021,10,sd300c_plain_self_00001021_10,ok,3000.0,true,sd300c_roll_self_00001021_10,ok,3000.0,true
213,00001022,1,sd300c_plain_self_00001022_01,ok,3000.0,true,sd300c_roll_self_00001022_01,ok,3000.0,true
214,00001022,2,sd300c_plain_self_00001022_02,ok,3000.0,true,sd300c_roll_self_00001022_02,ok,3000.0,true
215,00001022,3,sd300c_plain_self_00001022_03,ok,3000.0,true,sd300c_roll_self_00001022_03,ok,3000.0,true
216,00001022,4,sd300c_plain_self_00001022_04,ok,3000.0,true,sd300c_roll_self_00001022_04,ok,3000.0,true
217,00001022,5,sd300c_plain_self_00001022_05,ok,3000.0,true,sd300c_roll_self_00001022_05,ok,3000.0,true
218,00001022,6,sd300c_plain_self_00001022_06,ok,3000.0,true,sd300c_roll_self_00001022_06,ok,3000.0,true
219,00001022,7,sd300c_plain_self_00001022_07,ok,3000.0,true,sd300c_roll_self_00001022_07,ok,3000.0,true
220,00001022,8,sd300c_plain_self_00001022_08,ok,3000.0,true,sd300c_roll_self_00001022_08,ok,3000.0,true
221,00001022,9,sd300c_plain_self_00001022_09,ok,3000.0,true,sd300c_roll_self_00001022_09,ok,3000.0,true
222,00001022,10,sd300c_plain_self_00001022_10,ok,3000.0,true,sd300c_roll_self_00001022_10,ok,3000.0,true
223,00001023,1,sd300c_plain_self_00001023_01,ok,3000.0,true,sd300c_roll_self_00001023_01,ok,3000.0,true
224,00001023,2,sd300c_plain_self_00001023_02,ok,3000.0,true,sd300c_roll_self_00001023_02,ok,3000.0,true
225,00001023,3,sd300c_plain_self_00001023_03,ok,3000.0,true,sd300c_roll_self_00001023_03,ok,3000.0,true
226,00001023,4,sd300c_plain_self_00001023_04,ok,3000.0,true,sd300c_roll_self_00001023_04,ok,3000.0,true
227,00001023,5,sd300c_plain_self_00001023_05,ok,3000.0,true,sd300c_roll_self_00001023_05,ok,3000.0,true
228,00001023,6,sd300c_plain_self_00001023_06,ok,3000.0,true,sd300c_roll_self_00001023_06,ok,3000.0,true
229,00001023,7,sd300c_plain_self_00001023_07,ok,3000.0,true,sd300c_roll_self_00001023_07,ok,3000.0,true
230,00001023,8,sd300c_plain_self_00001023_08,ok,3000.0,true,sd300c_roll_self_00001023_08,ok,3000.0,true
231,00001023,9,sd300c_plain_self_00001023_09,ok,3000.0,true,sd300c_roll_self_00001023_09,ok,3000.0,true
232,00001023,10,sd300c_plain_self_00001023_10,ok,3000.0,true,sd300c_roll_self_00001023_10,ok,3000.0,true
233,00001024,1,sd300c_plain_self_00001024_01,ok,3000.0,true,sd300c_roll_self_00001024_01,ok,3000.0,true
234,00001024,2,sd300c_plain_self_00001024_02,ok,3000.0,true,sd300c_roll_self_00001024_02,ok,3000.0,true
235,00001024,3,sd300c_plain_self_00001024_03,ok,3000.0,true,sd300c_roll_self_00001024_03,ok,3000.0,true
236,00001024,4,sd300c_plain_self_00001024_04,ok,3000.0,true,sd300c_roll_self_00001024_04,ok,3000.0,true
237,00001024,5,sd300c_plain_self_00001024_05,ok,3000.0,true,sd300c_roll_self_00001024_05,ok,3000.0,true
238,00001024,6,sd300c_plain_self_00001024_06,ok,3000.0,true,sd300c_roll_self_00001024_06,ok,3000.0,true
239,00001024,7,sd300c_plain_self_00001024_07,ok,3000.0,true,sd300c_roll_self_00001024_07,ok,3000.0,true
240,00001024,8,sd300c_plain_self_00001024_08,ok,3000.0,true,sd300c_roll_self_00001024_08,ok,3000.0,true
241,00001024,9,sd300c_plain_self_00001024_09,ok,3000.0,true,sd300c_roll_self_00001024_09,ok,3000.0,true
242,00001024,10,sd300c_plain_self_00001024_10,ok,3000.0,true,sd300c_roll_self_00001024_10,ok,3000.0,true
243,00001025,1,sd300c_plain_self_00001025_01,ok,3000.0,true,sd300c_roll_self_00001025_01,ok,3000.0,true
244,00001025,2,sd300c_plain_self_00001025_02,ok,3000.0,true,sd300c_roll_self_00001025_02,ok,3000.0,true
245,00001025,3,sd300c_plain_self_00001025_03,ok,3000.0,true,sd300c_roll_self_00001025_03,ok,3000.0,true
246,00001025,4,sd300c_plain_self_00001025_04,ok,3000.0,true,sd300c_roll_self_00001025_04,ok,3000.0,true
247,00001025,5,sd300c_plain_self_00001025_05,ok,3000.0,true,sd300c_roll_self_00001025_05,ok,3000.0,true
248,00001025,6,sd300c_plain_self_00001025_06,ok,3000.0,true,sd300c_roll_self_00001025_06,ok,3000.0,true
249,00001025,7,sd300c_plain_self_00001025_07,ok,3000.0,true,sd300c_roll_self_00001025_07,ok,3000.0,true
250,00001025,8,sd300c_plain_self_00001025_08,ok,3000.0,true,sd300c_roll_self_00001025_08,ok,3000.0,true
251,00001025,9,sd300c_plain_self_00001025_09,ok,3000.0,true,sd300c_roll_self_00001025_09,ok,3000.0,true
252,00001025,10,sd300c_plain_self_00001025_10,ok,3000.0,true,sd300c_roll_self_00001025_10,ok,3000.0,true
253,00001026,1,sd300c_plain_self_00001026_01,ok,3000.0,true,sd300c_roll_self_00001026_01,ok,3000.0,true
254,00001026,2,sd300c_plain_self_00001026_02,ok,3000.0,true,sd300c_roll_self_00001026_02,ok,3000.0,true
255,00001026,3,sd300c_plain_self_00001026_03,ok,3000.0,true,sd300c_roll_self_00001026_03,ok,3000.0,true
256,00001026,4,sd300c_plain_self_00001026_04,ok,3000.0,true,sd300c_roll_self_00001026_04,ok,3000.0,true
257,00001026,5,sd300c_plain_self_00001026_05,ok,3000.0,true,sd300c_roll_self_00001026_05,ok,3000.0,true
258,00001026,6,sd300c_plain_self_00001026_06,ok,3000.0,true,sd300c_roll_self_00001026_06,ok,3000.0,true
259,00001026,7,sd300c_plain_self_00001026_07,ok,3000.0,true,sd300c_roll_self_00001026_07,ok,3000.0,true
260,00001026,8,sd300c_plain_self_00001026_08,ok,3000.0,true,sd300c_roll_self_00001026_08,ok,3000.0,true
261,00001026,9,sd300c_plain_self_00001026_09,ok,3000.0,true,sd300c_roll_self_00001026_09,ok,3000.0,true
262,00001026,10,sd300c_plain_self_00001026_10,ok,3000.0,true,sd300c_roll_self_00001026_10,ok,3000.0,true
263,00001027,1,sd300c_plain_self_00001027_01,ok,3000.0,true,sd300c_roll_self_00001027_01,ok,3000.0,true
264,00001027,2,sd300c_plain_self_00001027_02,ok,3000.0,true,sd300c_roll_self_00001027_02,ok,3000.0,true
265,00001027,3,sd300c_plain_self_00001027_03,ok,3000.0,true,sd300c_roll_self_00001027_03,ok,3000.0,true
266,00001027,4,sd300c_plain_self_00001027_04,ok,3000.0,true,sd300c_roll_self_00001027_04,ok,3000.0,true
267,00001027,5,sd300c_plain_self_00001027_05,ok,3000.0,true,sd300c_roll_self_00001027_05,ok,3000.0,true
268,00001027,6,sd300c_plain_self_00001027_06,ok,3000.0,true,sd300c_roll_self_00001027_06,ok,3000.0,true
269,00001027,7,sd300c_plain_self_00001027_07,ok,3000.0,true,sd300c_roll_self_00001027_07,ok,3000.0,true
270,00001027,8,sd300c_plain_self_00001027_08,ok,3000.0,true,sd300c_roll_self_00001027_08,ok,3000.0,true
271,00001027,9,sd300c_plain_self_00001027_09,ok,3000.0,true,sd300c_roll_self_00001027_09,ok,3000.0,true
272,00001027,10,sd300c_plain_self_00001027_10,ok,3000.0,true,sd300c_roll_self_00001027_10,ok,3000.0,true
273,00001028,1,sd300c_plain_self_00001028_01,ok,3000.0,true,sd300c_roll_self_00001028_01,ok,3000.0,true
274,00001028,2,sd300c_plain_self_00001028_02,ok,3000.0,true,sd300c_roll_self_00001028_02,ok,3000.0,true
275,00001028,3,sd300c_plain_self_00001028_03,ok,3000.0,true,sd300c_roll_self_00001028_03,ok,3000.0,true
276,00001028,4,sd300c_plain_self_00001028_04,ok,3000.0,true,sd300c_roll_self_00001028_04,ok,3000.0,true
277,00001028,5,sd300c_plain_self_00001028_05,ok,3000.0,true,sd300c_roll_self_00001028_05,ok,3000.0,true
278,00001028,6,sd300c_plain_self_00001028_06,ok,3000.0,true,sd300c_roll_self_00001028_06,ok,3000.0,true
279,00001028,7,sd300c_plain_self_00001028_07,ok,3000.0,true,sd300c_roll_self_00001028_07,ok,3000.0,true
280,00001028,8,sd300c_plain_self_00001028_08,ok,3000.0,true,sd300c_roll_self_00001028_08,ok,3000.0,true
281,00001028,9,sd300c_plain_self_00001028_09,ok,3000.0,true,sd300c_roll_self_00001028_09,ok,3000.0,true
282,00001028,10,sd300c_plain_self_00001028_10,ok,3000.0,true,sd300c_roll_self_00001028_10,ok,3000.0,true
283,00001029,1,sd300c_plain_self_00001029_01,ok,3000.0,true,sd300c_roll_self_00001029_01,ok,3000.0,true
284,00001029,2,sd300c_plain_self_00001029_02,ok,3000.0,true,sd300c_roll_self_00001029_02,ok,3000.0,true
285,00001029,3,sd300c_plain_self_00001029_03,ok,3000.0,true,sd300c_roll_self_00001029_03,ok,3000.0,true
286,00001029,4,sd300c_plain_self_00001029_04,ok,3000.0,true,sd300c_roll_self_00001029_04,ok,3000.0,true
287,00001029,5,sd300c_plain_self_00001029_05,ok,3000.0,true,sd300c_roll_self_00001029_05,ok,3000.0,true
288,00001029,6,sd300c_plain_self_00001029_06,ok,3000.0,true,sd300c_roll_self_00001029_06,ok,3000.0,true
289,00001029,7,sd300c_plain_self_00001029_07,ok,3000.0,true,sd300c_roll_self_00001029_07,ok,3000.0,true
290,00001029,8,sd300c_plain_self_00001029_08,ok,3000.0,true,sd300c_roll_self_00001029_08,ok,3000.0,true
291,00001029,9,sd300c_plain_self_00001029_09,ok,3000.0,true,sd300c_roll_self_00001029_09,ok,3000.0,true
292,00001029,10,sd300c_plain_self_00001029_10,ok,3000.0,true,sd300c_roll_self_00001029_10,ok,3000.0,true
293,00001030,1,sd300c_plain_self_00001030_01,ok,3000.0,true,sd300c_roll_self_00001030_01,ok,3000.0,true
294,00001030,2,sd300c_plain_self_00001030_02,ok,3000.0,true,sd300c_roll_self_00001030_02,ok,3000.0,true
295,00001030,3,sd300c_plain_self_00001030_03,ok,3000.0,true,sd300c_roll_self_00001030_03,ok,3000.0,true
296,00001030,4,sd300c_plain_self_00001030_04,ok,3000.0,true,sd300c_roll_self_00001030_04,ok,3000.0,true
297,00001030,5,sd300c_plain_self_00001030_05,ok,3000.0,true,sd300c_roll_self_00001030_05,ok,3000.0,true
298,00001030,6,sd300c_plain_self_00001030_06,ok,3000.0,true,sd300c_roll_self_00001030_06,ok,3000.0,true
299,00001030,7,sd300c_plain_self_00001030_07,ok,3000.0,true,sd300c_roll_self_00001030_07,ok,3000.0,true
300,00001030,8,sd300c_plain_self_00001030_08,ok,3000.0,true,sd300c_roll_self_00001030_08,ok,3000.0,true
301,00001030,9,sd300c_plain_self_00001030_09,ok,3000.0,true,sd300c_roll_self_00001030_09,ok,3000.0,true
302,00001030,10,sd300c_plain_self_00001030_10,ok,3000.0,true,sd300c_roll_self_00001030_10,ok,3000.0,true
303,00001031,1,sd300c_plain_self_00001031_01,ok,3000.0,true,sd300c_roll_self_00001031_01,ok,3000.0,true
304,00001031,2,sd300c_plain_self_00001031_02,ok,3000.0,true,sd300c_roll_self_00001031_02,ok,3000.0,true
305,00001031,3,sd300c_plain_self_00001031_03,ok,3000.0,true,sd300c_roll_self_00001031_03,ok,3000.0,true
306,00001031,4,sd300c_plain_self_00001031_04,ok,3000.0,true,sd300c_roll_self_00001031_04,ok,3000.0,true
307,00001031,5,sd300c_plain_self_00001031_05,ok,3000.0,true,sd300c_roll_self_00001031_05,ok,3000.0,true
308,00001031,6,sd300c_plain_self_00001031_06,ok,3000.0,true,sd300c_roll_self_00001031_06,ok,3000.0,true
309,00001031,7,sd300c_plain_self_00001031_07,ok,3000.0,true,sd300c_roll_self_00001031_07,ok,3000.0,true
310,00001031,8,sd300c_plain_self_00001031_08,ok,3000.0,true,sd300c_roll_self_00001031_08,ok,3000.0,true
311,00001031,9,sd300c_plain_self_00001031_09,ok,3000.0,true,sd300c_roll_self_00001031_09,ok,3000.0,true
312,00001031,10,sd300c_plain_self_00001031_10,ok,3000.0,true,sd300c_roll_self_00001031_10,ok,3000.0,true
313,00001032,1,sd300c_plain_self_00001032_01,ok,3000.0,true,sd300c_roll_self_00001032_01,ok,3000.0,true
314,00001032,2,sd300c_plain_self_00001032_02,ok,3000.0,true,sd300c_roll_self_00001032_02,ok,3000.0,true
315,00001032,3,sd300c_plain_self_00001032_03,ok,3000.0,true,sd300c_roll_self_00001032_03,ok,3000.0,true
316,00001032,4,sd300c_plain_self_00001032_04,ok,3000.0,true,sd300c_roll_self_00001032_04,ok,3000.0,true
317,00001032,5,sd300c_plain_self_00001032_05,ok,3000.0,true,sd300c_roll_self_00001032_05,ok,3000.0,true
318,00001032,6,sd300c_plain_self_00001032_06,ok,3000.0,true,sd300c_roll_self_00001032_06,ok,3000.0,true
319,00001032,7,sd300c_plain_self_00001032_07,ok,3000.0,true,sd300c_roll_self_00001032_07,ok,3000.0,true
320,00001032,8,sd300c_plain_self_00001032_08,ok,3000.0,true,sd300c_roll_self_00001032_08,ok,3000.0,true
321,00001032,9,sd300c_plain_self_00001032_09,ok,3000.0,true,sd300c_roll_self_00001032_09,ok,3000.0,true
322,00001032,10,sd300c_plain_self_00001032_10,ok,3000.0,true,sd300c_roll_self_00001032_10,ok,3000.0,true
323,00001033,1,sd300c_plain_self_00001033_01,ok,3000.0,true,sd300c_roll_self_00001033_01,ok,3000.0,true
324,00001033,2,sd300c_plain_self_00001033_02,ok,3000.0,true,sd300c_roll_self_00001033_02,ok,3000.0,true
325,00001033,3,sd300c_plain_self_00001033_03,ok,3000.0,true,sd300c_roll_self_00001033_03,ok,3000.0,true
326,00001033,4,sd300c_plain_self_00001033_04,ok,3000.0,true,sd300c_roll_self_00001033_04,ok,3000.0,true
327,00001033,5,sd300c_plain_self_00001033_05,ok,3000.0,true,sd300c_roll_self_00001033_05,ok,3000.0,true
328,00001033,6,sd300c_plain_self_00001033_06,ok,3000.0,true,sd300c_roll_self_00001033_06,ok,3000.0,true
329,00001033,7,sd300c_plain_self_00001033_07,ok,3000.0,true,sd300c_roll_self_00001033_07,ok,3000.0,true
330,00001033,8,sd300c_plain_self_00001033_08,ok,3000.0,true,sd300c_roll_self_00001033_08,ok,3000.0,true
331,00001033,9,sd300c_plain_self_00001033_09,ok,3000.0,true,sd300c_roll_self_00001033_09,ok,3000.0,true
332,00001033,10,sd300c_plain_self_00001033_10,ok,3000.0,true,sd300c_roll_self_00001033_10,ok,3000.0,true
333,00001034,1,sd300c_plain_self_00001034_01,ok,3000.0,true,sd300c_roll_self_00001034_01,ok,3000.0,true
334,00001034,2,sd300c_plain_self_00001034_02,ok,3000.0,true,sd300c_roll_self_00001034_02,ok,3000.0,true
335,00001034,3,sd300c_plain_self_00001034_03,ok,3000.0,true,sd300c_roll_self_00001034_03,ok,3000.0,true
336,00001034,4,sd300c_plain_self_00001034_04,ok,3000.0,true,sd300c_roll_self_00001034_04,ok,3000.0,true
337,00001034,5,sd300c_plain_self_00001034_05,ok,3000.0,true,sd300c_roll_self_00001034_05,ok,3000.0,true
338,00001034,6,sd300c_plain_self_00001034_06,ok,3000.0,true,sd300c_roll_self_00001034_06,ok,3000.0,true
339,00001034,7,sd300c_plain_self_00001034_07,ok,3000.0,true,sd300c_roll_self_00001034_07,ok,3000.0,true
340,00001034,8,sd300c_plain_self_00001034_08,ok,3000.0,true,sd300c_roll_self_00001034_08,ok,3000.0,true
341,00001034,9,sd300c_plain_self_00001034_09,ok,3000.0,true,sd300c_roll_self_00001034_09,ok,3000.0,true
342,00001034,10,sd300c_plain_self_00001034_10,ok,3000.0,true,sd300c_roll_self_00001034_10,ok,3000.0,true
343,00001035,1,sd300c_plain_self_00001035_01,ok,3000.0,true,sd300c_roll_self_00001035_01,ok,3000.0,true
344,00001035,2,sd300c_plain_self_00001035_02,ok,3000.0,true,sd300c_roll_self_00001035_02,ok,3000.0,true
345,00001035,3,sd300c_plain_self_00001035_03,ok,3000.0,true,sd300c_roll_self_00001035_03,ok,3000.0,true
346,00001035,4,sd300c_plain_self_00001035_04,ok,3000.0,true,sd300c_roll_self_00001035_04,ok,3000.0,true
347,00001035,5,sd300c_plain_self_00001035_05,ok,3000.0,true,sd300c_roll_self_00001035_05,ok,3000.0,true
348,00001035,6,sd300c_plain_self_00001035_06,ok,3000.0,true,sd300c_roll_self_00001035_06,ok,3000.0,true
349,00001035,7,sd300c_plain_self_00001035_07,ok,3000.0,true,sd300c_roll_self_00001035_07,ok,3000.0,true
350,00001035,8,sd300c_plain_self_00001035_08,ok,3000.0,true,sd300c_roll_self_00001035_08,ok,3000.0,true
351,00001035,9,sd300c_plain_self_00001035_09,ok,3000.0,true,sd300c_roll_self_00001035_09,ok,3000.0,true
352,00001035,10,sd300c_plain_self_00001035_10,ok,3000.0,true,sd300c_roll_self_00001035_10,ok,3000.0,true
353,00001036,1,sd300c_plain_self_00001036_01,ok,3000.0,true,sd300c_roll_self_00001036_01,ok,3000.0,true
354,00001036,2,sd300c_plain_self_00001036_02,ok,3000.0,true,sd300c_roll_self_00001036_02,ok,3000.0,true
355,00001036,3,sd300c_plain_self_00001036_03,ok,3000.0,true,sd300c_roll_self_00001036_03,ok,3000.0,true
356,00001036,4,sd300c_plain_self_00001036_04,ok,3000.0,true,sd300c_roll_self_00001036_04,ok,3000.0,true
357,00001036,5,sd300c_plain_self_00001036_05,ok,3000.0,true,sd300c_roll_self_00001036_05,ok,3000.0,true
358,00001036,6,sd300c_plain_self_00001036_06,ok,3000.0,true,sd300c_roll_self_00001036_06,ok,3000.0,true
359,00001036,7,sd300c_plain_self_00001036_07,ok,3000.0,true,sd300c_roll_self_00001036_07,ok,3000.0,true
360,00001036,8,sd300c_plain_self_00001036_08,ok,3000.0,true,sd300c_roll_self_00001036_08,ok,3000.0,true
361,00001036,9,sd300c_plain_self_00001036_09,ok,3000.0,true,sd300c_roll_self_00001036_09,ok,3000.0,true
362,00001036,10,sd300c_plain_self_00001036_10,ok,3000.0,true,sd300c_roll_self_00001036_10,ok,3000.0,true
363,00001037,1,sd300c_plain_self_00001037_01,ok,3000.0,true,sd300c_roll_self_00001037_01,ok,3000.0,true
364,00001037,2,sd300c_plain_self_00001037_02,ok,3000.0,true,sd300c_roll_self_00001037_02,ok,3000.0,true
365,00001037,3,sd300c_plain_self_00001037_03,ok,3000.0,true,sd300c_roll_self_00001037_03,ok,3000.0,true
366,00001037,4,sd300c_plain_self_00001037_04,ok,3000.0,true,sd300c_roll_self_00001037_04,ok,3000.0,true
367,00001037,5,sd300c_plain_self_00001037_05,ok,3000.0,true,sd300c_roll_self_00001037_05,ok,3000.0,true
368,00001037,6,sd300c_plain_self_00001037_06,ok,3000.0,true,sd300c_roll_self_00001037_06,ok,3000.0,true
369,00001037,7,sd300c_plain_self_00001037_07,ok,3000.0,true,sd300c_roll_self_00001037_07,ok,3000.0,true
370,00001037,8,sd300c_plain_self_00001037_08,ok,3000.0,true,sd300c_roll_self_00001037_08,ok,3000.0,true
371,00001037,9,sd300c_plain_self_00001037_09,ok,3000.0,true,sd300c_roll_self_00001037_09,ok,3000.0,true
372,00001037,10,sd300c_plain_self_00001037_10,ok,3000.0,true,sd300c_roll_self_00001037_10,ok,3000.0,true
373,00001038,1,sd300c_plain_self_00001038_01,ok,3000.0,true,sd300c_roll_self_00001038_01,ok,3000.0,true
374,00001038,2,sd300c_plain_self_00001038_02,ok,3000.0,true,sd300c_roll_self_00001038_02,ok,3000.0,true
375,00001038,3,sd300c_plain_self_00001038_03,ok,3000.0,true,sd300c_roll_self_00001038_03,ok,3000.0,true
376,00001038,4,sd300c_plain_self_00001038_04,ok,3000.0,true,sd300c_roll_self_00001038_04,ok,3000.0,true
377,00001038,5,sd300c_plain_self_00001038_05,ok,3000.0,true,sd300c_roll_self_00001038_05,ok,3000.0,true
378,00001038,6,sd300c_plain_self_00001038_06,ok,3000.0,true,sd300c_roll_self_00001038_06,ok,3000.0,true
379,00001038,7,sd300c_plain_self_00001038_07,ok,3000.0,true,sd300c_roll_self_00001038_07,ok,3000.0,true
380,00001038,8,sd300c_plain_self_00001038_08,ok,3000.0,true,sd300c_roll_self_00001038_08,ok,3000.0,true
381,00001038,9,sd300c_plain_self_00001038_09,ok,3000.0,true,sd300c_roll_self_00001038_09,ok,3000.0,true
382,00001038,10,sd300c_plain_self_00001038_10,ok,3000.0,true,sd300c_roll_self_00001038_10,ok,3000.0,true
383,00001039,1,sd300c_plain_self_00001039_01,ok,3000.0,true,sd300c_roll_self_00001039_01,ok,3000.0,true
384,00001039,2,sd300c_plain_self_00001039_02,ok,3000.0,true,sd300c_roll_self_00001039_02,ok,3000.0,true
385,00001039,3,sd300c_plain_self_00001039_03,ok,3000.0,true,sd300c_roll_self_00001039_03,ok,3000.0,true
386,00001039,4,sd300c_plain_self_00001039_04,ok,3000.0,true,sd300c_roll_self_00001039_04,ok,3000.0,true
387,00001039,5,sd300c_plain_self_00001039_05,ok,3000.0,true,sd300c_roll_self_00001039_05,ok,3000.0,true
388,00001039,6,sd300c_plain_self_00001039_06,ok,3000.0,true,sd300c_roll_self_00001039_06,ok,3000.0,true
389,00001039,7,sd300c_plain_self_00001039_07,ok,3000.0,true,sd300c_roll_self_00001039_07,ok,3000.0,true
390,00001039,8,sd300c_plain_self_00001039_08,ok,3000.0,true,sd300c_roll_self_00001039_08,ok,3000.0,true
391,00001039,9,sd300c_plain_self_00001039_09,ok,3000.0,true,sd300c_roll_self_00001039_09,ok,3000.0,true
392,00001039,10,sd300c_plain_self_00001039_10,ok,3000.0,true,sd300c_roll_self_00001039_10,ok,3000.0,true
393,00001040,1,sd300c_plain_self_00001040_01,ok,3000.0,true,sd300c_roll_self_00001040_01,ok,3000.0,true
394,00001040,3,sd300c_plain_self_00001040_03,ok,3000.0,true,sd300c_roll_self_00001040_03,ok,3000.0,true
395,00001040,4,sd300c_plain_self_00001040_04,ok,3000.0,true,sd300c_roll_self_00001040_04,ok,3000.0,true
396,00001040,6,sd300c_plain_self_00001040_06,ok,3000.0,true,sd300c_roll_self_00001040_06,ok,3000.0,true
397,00001040,7,sd300c_plain_self_00001040_07,ok,3000.0,true,sd300c_roll_self_00001040_07,ok,3000.0,true
398,00001040,8,sd300c_plain_self_00001040_08,ok,3000.0,true,sd300c_roll_self_00001040_08,ok,3000.0,true
399,00001040,9,sd300c_plain_self_00001040_09,ok,3000.0,true,sd300c_roll_self_00001040_09,ok,3000.0,true
400,00001041,1,sd300c_plain_self_00001041_01,ok,3000.0,true,sd300c_roll_self_00001041_01,ok,3000.0,true
401,00001041,2,sd300c_plain_self_00001041_02,ok,3000.0,true,sd300c_roll_self_00001041_02,ok,3000.0,true
402,00001041,3,sd300c_plain_self_00001041_03,ok,3000.0,true,sd300c_roll_self_00001041_03,ok,3000.0,true
403,00001041,4,sd300c_plain_self_00001041_04,ok,3000.0,true,sd300c_roll_self_00001041_04,ok,3000.0,true
404,00001041,5,sd300c_plain_self_00001041_05,ok,3000.0,true,sd300c_roll_self_00001041_05,ok,3000.0,true
405,00001041,6,sd300c_plain_self_00001041_06,ok,3000.0,true,sd300c_roll_self_00001041_06,ok,3000.0,true
406,00001041,7,sd300c_plain_self_00001041_07,ok,3000.0,true,sd300c_roll_self_00001041_07,ok,3000.0,true
407,00001041,8,sd300c_plain_self_00001041_08,ok,3000.0,true,sd300c_roll_self_00001041_08,ok,3000.0,true
408,00001041,9,sd300c_plain_self_00001041_09,ok,3000.0,true,sd300c_roll_self_00001041_09,ok,3000.0,true
409,00001041,10,sd300c_plain_self_00001041_10,ok,3000.0,true,sd300c_roll_self_00001041_10,ok,3000.0,true
410,00001042,1,sd300c_plain_self_00001042_01,ok,3000.0,true,sd300c_roll_self_00001042_01,ok,3000.0,true
411,00001042,2,sd300c_plain_self_00001042_02,ok,3000.0,true,sd300c_roll_self_00001042_02,ok,3000.0,true
412,00001042,3,sd300c_plain_self_00001042_03,ok,3000.0,true,sd300c_roll_self_00001042_03,ok,3000.0,true
413,00001042,4,sd300c_plain_self_00001042_04,ok,3000.0,true,sd300c_roll_self_00001042_04,ok,3000.0,true
414,00001042,5,sd300c_plain_self_00001042_05,ok,3000.0,true,sd300c_roll_self_00001042_05,ok,3000.0,true
415,00001042,6,sd300c_plain_self_00001042_06,ok,3000.0,true,sd300c_roll_self_00001042_06,ok,3000.0,true
416,00001042,7,sd300c_plain_self_00001042_07,ok,3000.0,true,sd300c_roll_self_00001042_07,ok,3000.0,true
417,00001042,8,sd300c_plain_self_00001042_08,ok,3000.0,true,sd300c_roll_self_00001042_08,ok,3000.0,true
418,00001042,9,sd300c_plain_self_00001042_09,ok,3000.0,true,sd300c_roll_self_00001042_09,ok,3000.0,true
419,00001042,10,sd300c_plain_self_00001042_10,ok,3000.0,true,sd300c_roll_self_00001042_10,ok,3000.0,true
420,00001043,1,sd300c_plain_self_00001043_01,ok,3000.0,true,sd300c_roll_self_00001043_01,ok,3000.0,true
421,00001043,2,sd300c_plain_self_00001043_02,ok,3000.0,true,sd300c_roll_self_00001043_02,ok,3000.0,true
422,00001043,3,sd300c_plain_self_00001043_03,ok,3000.0,true,sd300c_roll_self_00001043_03,ok,3000.0,true
423,00001043,4,sd300c_plain_self_00001043_04,ok,3000.0,true,sd300c_roll_self_00001043_04,ok,3000.0,true
424,00001043,5,sd300c_plain_self_00001043_05,ok,3000.0,true,sd300c_roll_self_00001043_05,ok,3000.0,true
425,00001043,6,sd300c_plain_self_00001043_06,ok,3000.0,true,sd300c_roll_self_00001043_06,ok,3000.0,true
426,00001043,7,sd300c_plain_self_00001043_07,ok,3000.0,true,sd300c_roll_self_00001043_07,ok,3000.0,true
427,00001043,8,sd300c_plain_self_00001043_08,ok,3000.0,true,sd300c_roll_self_00001043_08,ok,3000.0,true
428,00001043,9,sd300c_plain_self_00001043_09,ok,3000.0,true,sd300c_roll_self_00001043_09,ok,3000.0,true
429,00001043,10,sd300c_plain_self_00001043_10,ok,3000.0,true,sd300c_roll_self_00001043_10,ok,3000.0,true
430,00001044,1,sd300c_plain_self_00001044_01,ok,3000.0,true,sd300c_roll_self_00001044_01,ok,3000.0,true
431,00001044,3,sd300c_plain_self_00001044_03,ok,3000.0,true,sd300c_roll_self_00001044_03,ok,3000.0,true
432,00001044,4,sd300c_plain_self_00001044_04,ok,3000.0,true,sd300c_roll_self_00001044_04,ok,3000.0,true
433,00001044,5,sd300c_plain_self_00001044_05,ok,3000.0,true,sd300c_roll_self_00001044_05,ok,3000.0,true
434,00001044,6,sd300c_plain_self_00001044_06,ok,3000.0,true,sd300c_roll_self_00001044_06,ok,3000.0,true
435,00001044,7,sd300c_plain_self_00001044_07,ok,3000.0,true,sd300c_roll_self_00001044_07,ok,3000.0,true
436,00001044,8,sd300c_plain_self_00001044_08,ok,3000.0,true,sd300c_roll_self_00001044_08,ok,3000.0,true
437,00001044,10,sd300c_plain_self_00001044_10,ok,3000.0,true,sd300c_roll_self_00001044_10,ok,3000.0,true
438,00001045,1,sd300c_plain_self_00001045_01,ok,3000.0,true,sd300c_roll_self_00001045_01,ok,3000.0,true
439,00001045,2,sd300c_plain_self_00001045_02,ok,3000.0,true,sd300c_roll_self_00001045_02,ok,3000.0,true
440,00001045,3,sd300c_plain_self_00001045_03,ok,3000.0,true,sd300c_roll_self_00001045_03,ok,3000.0,true
441,00001045,4,sd300c_plain_self_00001045_04,ok,3000.0,true,sd300c_roll_self_00001045_04,ok,3000.0,true
442,00001045,5,sd300c_plain_self_00001045_05,ok,3000.0,true,sd300c_roll_self_00001045_05,ok,3000.0,true
443,00001045,6,sd300c_plain_self_00001045_06,ok,3000.0,true,sd300c_roll_self_00001045_06,ok,3000.0,true
444,00001045,7,sd300c_plain_self_00001045_07,ok,3000.0,true,sd300c_roll_self_00001045_07,ok,3000.0,true
445,00001045,8,sd300c_plain_self_00001045_08,ok,3000.0,true,sd300c_roll_self_00001045_08,ok,3000.0,true
446,00001045,9,sd300c_plain_self_00001045_09,ok,3000.0,true,sd300c_roll_self_00001045_09,ok,3000.0,true
447,00001046,1,sd300c_plain_self_00001046_01,ok,3000.0,true,sd300c_roll_self_00001046_01,ok,3000.0,true
448,00001046,2,sd300c_plain_self_00001046_02,ok,3000.0,true,sd300c_roll_self_00001046_02,ok,3000.0,true
449,00001046,3,sd300c_plain_self_00001046_03,ok,3000.0,true,sd300c_roll_self_00001046_03,ok,3000.0,true
450,00001046,4,sd300c_plain_self_00001046_04,ok,2998.0,true,sd300c_roll_self_00001046_04,ok,3000.0,true
451,00001046,5,sd300c_plain_self_00001046_05,ok,3000.0,true,sd300c_roll_self_00001046_05,ok,3000.0,true
452,00001046,6,sd300c_plain_self_00001046_06,ok,3000.0,true,sd300c_roll_self_00001046_06,ok,3000.0,true
453,00001046,7,sd300c_plain_self_00001046_07,ok,3000.0,true,sd300c_roll_self_00001046_07,ok,3000.0,true
454,00001046,8,sd300c_plain_self_00001046_08,ok,3000.0,true,sd300c_roll_self_00001046_08,ok,3000.0,true
455,00001046,9,sd300c_plain_self_00001046_09,ok,3000.0,true,sd300c_roll_self_00001046_09,ok,3000.0,true
456,00001046,10,sd300c_plain_self_00001046_10,ok,3000.0,true,sd300c_roll_self_00001046_10,ok,3000.0,true
457,00001047,1,sd300c_plain_self_00001047_01,ok,3000.0,true,sd300c_roll_self_00001047_01,ok,3000.0,true
458,00001047,3,sd300c_plain_self_00001047_03,ok,3000.0,true,sd300c_roll_self_00001047_03,ok,3000.0,true
459,00001047,4,sd300c_plain_self_00001047_04,ok,3000.0,true,sd300c_roll_self_00001047_04,ok,3000.0,true
460,00001047,5,sd300c_plain_self_00001047_05,ok,3000.0,true,sd300c_roll_self_00001047_05,ok,3000.0,true
461,00001047,6,sd300c_plain_self_00001047_06,ok,3000.0,true,sd300c_roll_self_00001047_06,ok,3000.0,true
462,00001047,7,sd300c_plain_self_00001047_07,ok,3000.0,true,sd300c_roll_self_00001047_07,ok,3000.0,true
463,00001047,8,sd300c_plain_self_00001047_08,ok,3000.0,true,sd300c_roll_self_00001047_08,ok,3000.0,true
464,00001047,9,sd300c_plain_self_00001047_09,ok,3000.0,true,sd300c_roll_self_00001047_09,ok,3000.0,true
465,00001047,10,sd300c_plain_self_00001047_10,ok,3000.0,true,sd300c_roll_self_00001047_10,ok,3000.0,true
466,00001048,1,sd300c_plain_self_00001048_01,ok,3000.0,true,sd300c_roll_self_00001048_01,ok,3000.0,true
467,00001048,2,sd300c_plain_self_00001048_02,ok,3000.0,true,sd300c_roll_self_00001048_02,ok,3000.0,true
468,00001048,3,sd300c_plain_self_00001048_03,ok,3000.0,true,sd300c_roll_self_00001048_03,ok,3000.0,true
469,00001048,4,sd300c_plain_self_00001048_04,ok,3000.0,true,sd300c_roll_self_00001048_04,ok,3000.0,true
470,00001048,5,sd300c_plain_self_00001048_05,ok,3000.0,true,sd300c_roll_self_00001048_05,ok,3000.0,true
471,00001048,6,sd300c_plain_self_00001048_06,ok,3000.0,true,sd300c_roll_self_00001048_06,ok,3000.0,true
472,00001048,7,sd300c_plain_self_00001048_07,ok,3000.0,true,sd300c_roll_self_00001048_07,ok,3000.0,true
473,00001048,8,sd300c_plain_self_00001048_08,ok,3000.0,true,sd300c_roll_self_00001048_08,ok,3000.0,true
474,00001048,9,sd300c_plain_self_00001048_09,ok,3000.0,true,sd300c_roll_self_00001048_09,ok,3000.0,true
475,00001048,10,sd300c_plain_self_00001048_10,ok,3000.0,true,sd300c_roll_self_00001048_10,ok,3000.0,true
476,00001049,1,sd300c_plain_self_00001049_01,ok,3000.0,true,sd300c_roll_self_00001049_01,ok,3000.0,true
477,00001049,2,sd300c_plain_self_00001049_02,ok,3000.0,true,sd300c_roll_self_00001049_02,ok,3000.0,true
478,00001049,3,sd300c_plain_self_00001049_03,ok,3000.0,true,sd300c_roll_self_00001049_03,ok,3000.0,true
479,00001049,4,sd300c_plain_self_00001049_04,ok,3000.0,true,sd300c_roll_self_00001049_04,ok,3000.0,true
480,00001049,5,sd300c_plain_self_00001049_05,ok,3000.0,true,sd300c_roll_self_00001049_05,ok,3000.0,true
481,00001049,6,sd300c_plain_self_00001049_06,ok,3000.0,true,sd300c_roll_self_00001049_06,ok,3000.0,true
482,00001049,7,sd300c_plain_self_00001049_07,ok,3000.0,true,sd300c_roll_self_00001049_07,ok,3000.0,true
483,00001049,8,sd300c_plain_self_00001049_08,ok,3000.0,true,sd300c_roll_self_00001049_08,ok,3000.0,true
484,00001049,9,sd300c_plain_self_00001049_09,ok,3000.0,true,sd300c_roll_self_00001049_09,ok,3000.0,true
485,00001049,10,sd300c_plain_self_00001049_10,ok,3000.0,true,sd300c_roll_self_00001049_10,ok,3000.0,true
486,00001050,1,sd300c_plain_self_00001050_01,ok,3000.0,true,sd300c_roll_self_00001050_01,ok,3000.0,true
487,00001050,2,sd300c_plain_self_00001050_02,ok,3000.0,true,sd300c_roll_self_00001050_02,ok,3000.0,true
488,00001050,3,sd300c_plain_self_00001050_03,ok,3000.0,true,sd300c_roll_self_00001050_03,ok,3000.0,true
489,00001050,4,sd300c_plain_self_00001050_04,ok,3000.0,true,sd300c_roll_self_00001050_04,ok,3000.0,true
490,00001050,5,sd300c_plain_self_00001050_05,ok,3000.0,true,sd300c_roll_self_00001050_05,ok,3000.0,true
491,00001050,6,sd300c_plain_self_00001050_06,ok,3000.0,true,sd300c_roll_self_00001050_06,ok,3000.0,true
492,00001051,1,sd300c_plain_self_00001051_01,ok,3000.0,true,sd300c_roll_self_00001051_01,ok,3000.0,true
493,00001051,4,sd300c_plain_self_00001051_04,ok,3000.0,true,sd300c_roll_self_00001051_04,ok,3000.0,true
494,00001051,5,sd300c_plain_self_00001051_05,ok,3000.0,true,sd300c_roll_self_00001051_05,ok,3000.0,true
495,00001051,6,sd300c_plain_self_00001051_06,ok,3000.0,true,sd300c_roll_self_00001051_06,ok,3000.0,true
496,00001051,7,sd300c_plain_self_00001051_07,ok,3000.0,true,sd300c_roll_self_00001051_07,ok,3000.0,true
497,00001051,8,sd300c_plain_self_00001051_08,ok,3000.0,true,sd300c_roll_self_00001051_08,ok,3000.0,true
498,00001051,9,sd300c_plain_self_00001051_09,ok,3000.0,true,sd300c_roll_self_00001051_09,ok,3000.0,true
499,00001051,10,sd300c_plain_self_00001051_10,ok,3000.0,true,sd300c_roll_self_00001051_10,ok,3000.0,true
500,00001052,1,sd300c_plain_self_00001052_01,ok,3000.0,true,sd300c_roll_self_00001052_01,ok,3000.0,true
